PROV1;Long Island;;;;;;;;;;;;;x
PROV2;Brooklyn;;;;;;;;;;;;;x
PROV3;Manhattan;;;;;;;;;;;;;x
PROV4;Palisades;;;;;;;;;;;;;x
PROV5;Newburgh;;;;;;;;;;;;;x
PROV6;Poughkeepsie;;;;;;;;;;;;;x
PROV7;Woodstock;;;;;;;;;;;;;x
PROV8;Hudson;;;;;;;;;;;;;x
PROV9;Troy;;;;;;;;;;;;;x
PROV10;Albany;;;;;;;;;;;;;x
PROV11;Black River;;;;;;;;;;;;;x
PROV12;Saratoga;;;;;;;;;;;;;x
PROV13;Johnstown;;;;;;;;;;;;;x
PROV14;Syracuse;;;;;;;;;;;;;x
PROV15;Oswego;;;;;;;;;;;;;x
PROV16;Rochester;;;;;;;;;;;;;x
PROV17;Buffalo;;;;;;;;;;;;;x
PROV18;Shawangunk;;;;;;;;;;;;;x
PROV19;Otsego;;;;;;;;;;;;;x
PROV20;Schoharie;;;;;;;;;;;;;x
PROV21;Cortland;;;;;;;;;;;;;x
PROV22;Kittatinny;;;;;;;;;;;;;x
PROV23;Trenton;;;;;;;;;;;;;x
PROV24;Monmouth;;;;;;;;;;;;;x
PROV25;Jersey Shore;;;;;;;;;;;;;x
PROV26;Vineland;;;;;;;;;;;;;x
PROV27;Philadelphia;;;;;;;;;;;;;x
PROV28;Chautauqua;;;;;;;;;;;;;x
PROV29;Genesee;;;;;;;;;;;;;x
PROV30;Canandaigua;;;;;;;;;;;;;x
PROV31;Canacdea;;;;;;;;;;;;;x
PROV32;Seneca;;;;;;;;;;;;;x
PROV33;Chemung;;;;;;;;;;;;;x
PROV34;The Triple Cities;;;;;;;;;;;;;x
PROV35;Watertown;;;;;;;;;;;;;x
PROV36;Raquette;;;;;;;;;;;;;x
PROV37;Big Moose;;;;;;;;;;;;;x
PROV38;Petonbowk;;;;;;;;;;;;;x
PROV39;Ticonderoga;;;;;;;;;;;;;x
PROV40;Chepontuc;;;;;;;;;;;;;x
PROV41;Bennington;;;;;;;;;;;;;x
PROV42;Rutland;;;;;;;;;;;;;x
PROV43;Montpelier;;;;;;;;;;;;;x
PROV44;Burlington;;;;;;;;;;;;;x
PROV45;Nek;;;;;;;;;;;;;x
PROV46;Quinnipiac;;;;;;;;;;;;;x
PROV47;Hartford;;;;;;;;;;;;;x
PROV48;Norwich;;;;;;;;;;;;;x
PROV49;Pocono;;;;;;;;;;;;;x
PROV50;Lehigh;;;;;;;;;;;;;x
PROV51;Schuylkill;;;;;;;;;;;;;x
PROV52;Baltimore;;;;;;;;;;;;;x
PROV53;Wilmington;;;;;;;;;;;;;x
PROV54;Dover;;;;;;;;;;;;;x
PROV55;Choptank;;;;;;;;;;;;;x
PROV56;Pocomoke;;;;;;;;;;;;;x
PROV57;Severn;;;;;;;;;;;;;x
PROV58;Providence;;;;;;;;;;;;;x
PROV59;Quiet Corner;;;;;;;;;;;;;x
PROV60;The Berkshires;;;;;;;;;;;;;x
PROV61;Pioneer Valley;;;;;;;;;;;;;x
PROV62;Worcester;;;;;;;;;;;;;x
PROV63;Washington;;;;;;;;;;;;;x
PROV64;Frederick;;;;;;;;;;;;;x
PROV65;Cumberland;;;;;;;;;;;;;x
PROV66;Shenandoah;;;;;;;;;;;;;x
PROV67;Rappahannock;;;;;;;;;;;;;x
PROV68;Plymouth;;;;;;;;;;;;;x
PROV69;Boston;;;;;;;;;;;;;x
PROV70;Merrimack;;;;;;;;;;;;;x
PROV71;Monadnock;;;;;;;;;;;;;x
PROV72;Concord;;;;;;;;;;;;;x
PROV73;Three Necks;;;;;;;;;;;;;x
PROV74;Hampton Roads;;;;;;;;;;;;;x
PROV75;The James;;;;;;;;;;;;;x
PROV76;Charlottesville;;;;;;;;;;;;;x
PROV77;Emporia;;;;;;;;;;;;;x
PROV78;Lynchburg;;;;;;;;;;;;;x
PROV79;Danville;;;;;;;;;;;;;x
PROV80;Roanoke;;;;;;;;;;;;;x
PROV81;Bluefield;;;;;;;;;;;;;x
PROV82;New River;;;;;;;;;;;;;x
PROV83;Susquehanna;;;;;;;;;;;;;x
PROV84;Rothrock;;;;;;;;;;;;;x
PROV85;Williamsport;;;;;;;;;;;;;x
PROV86;Upper Allegheny;;;;;;;;;;;;;x
PROV87;Moshannon;;;;;;;;;;;;;x
PROV88;Yohogania;;;;;;;;;;;;;x
PROV89;Laurel Highlands;;;;;;;;;;;;;x
PROV90;Lower Allegheny;;;;;;;;;;;;;x
PROV91;Erie;;;;;;;;;;;;;x
PROV92;Wheeling;;;;;;;;;;;;;x
PROV93;Bull Run;;;;;;;;;;;;;x
PROV94;Monongalia;;;;;;;;;;;;;x
PROV95;Kanawha;;;;;;;;;;;;;x
PROV96;Tug Fork;;;;;;;;;;;;;x
PROV97;Jefferson Forest;;;;;;;;;;;;;x
PROV98;Galax;;;;;;;;;;;;;x
PROV99;Unifour;;;;;;;;;;;;;x
PROV100;Land-of-Sky;;;;;;;;;;;;;x
PROV101;Ashtabula;;;;;;;;;;;;;x
PROV102;Cuyahoga;;;;;;;;;;;;;x
PROV103;Akron;;;;;;;;;;;;;x
PROV104;Mahoning;;;;;;;;;;;;;x
PROV105;Muskingum;;;;;;;;;;;;;x
PROV106;Susquehannock;;;;;;;;;;;;;x
PROV107;Pottsville;;;;;;;;;;;;;x
PROV108;Toledo;;;;;;;;;;;;;x
PROV109;Black Swamp;;;;;;;;;;;;;x
PROV110;Licking;;;;;;;;;;;;;x
PROV111;Columbus;;;;;;;;;;;;;x
PROV112;Chillicothe;;;;;;;;;;;;;x
PROV113;Maumee;;;;;;;;;;;;;x
PROV114;Marion;;;;;;;;;;;;;x
PROV115;Lima;;;;;;;;;;;;;x
PROV116;Scioto;;;;;;;;;;;;;x
PROV117;Dayton;;;;;;;;;;;;;x
PROV118;Detroit;;;;;;;;;;;;;x
PROV119;Washtenaw;;;;;;;;;;;;;x
PROV120;Fort Wayne;;;;;;;;;;;;;x
PROV121;Cincinnati;;;;;;;;;;;;;x
PROV122;Covington;;;;;;;;;;;;;x
PROV123;White Mountain;;;;;;;;;;;;;x
PROV124;Coos;;;;;;;;;;;;;x
PROV125;Mahoosuc;;;;;;;;;;;;;x
PROV126;Belknap Lakes;;;;;;;;;;;;;x
PROV127;Southern Maine;;;;;;;;;;;;;x
PROV128;Kennebec;;;;;;;;;;;;;x
PROV129;Currituck;;;;;;;;;;;;;x
PROV130;Albemarle-Hatteras;;;;;;;;;;;;;x
PROV131;Carteret;;;;;;;;;;;;;x
PROV132;Lejeune;;;;;;;;;;;;;x
PROV133;Greenville;;;;;;;;;;;;;x
PROV134;Chowan;;;;;;;;;;;;;x
PROV135;Cape Fear;;;;;;;;;;;;;x
PROV136;Cheraw;;;;;;;;;;;;;x
PROV137;Fayetteville;;;;;;;;;;;;;x
PROV138;Roanoke Rapids;;;;;;;;;;;;;x
PROV139;Raleigh;;;;;;;;;;;;;x
PROV140;Durham;;;;;;;;;;;;;x
PROV141;Chapel Hill;;;;;;;;;;;;;x
PROV142;Catawba;;;;;;;;;;;;;x
PROV143;Metrolina;;;;;;;;;;;;;x
PROV144;Piedmont-Triad;;;;;;;;;;;;;x
PROV145;Holston;;;;;;;;;;;;;x
PROV146;Nantahala;;;;;;;;;;;;;x
PROV147;Keowee;;;;;;;;;;;;;x
PROV148;Chattahoochee;;;;;;;;;;;;;x
PROV149;Atlanta;;;;;;;;;;;;;x
PROV150;Athens;;;;;;;;;;;;;x
PROV151;Knox;;;;;;;;;;;;;x
PROV152;Upcountry;;;;;;;;;;;;;x
PROV153;Wateree;;;;;;;;;;;;;x
PROV154;Congaree;;;;;;;;;;;;;x
PROV155;Greenwood;;;;;;;;;;;;;x
PROV156;Chattanooga;;;;;;;;;;;;;x
PROV157;Augusta;;;;;;;;;;;;;x
PROV158;Savannah;;;;;;;;;;;;;x
PROV159;Ogeechee;;;;;;;;;;;;;x
PROV160;Salkehatchie;;;;;;;;;;;;;x
PROV161;Saluda;;;;;;;;;;;;;x
PROV162;Edisto;;;;;;;;;;;;;x
PROV163;Beaufort;;;;;;;;;;;;;x
PROV164;Charleston;;;;;;;;;;;;;x
PROV165;Grand Strand;;;;;;;;;;;;;x
PROV166;Pee Dee;;;;;;;;;;;;;x
PROV167;Greensburg;;;;;;;;;;;;;x
PROV168;Southold;;;;;;;;;;;;;x
PROV169;Gary;;;;;;;;;;;;;x
PROV170;Chicago;;;;;;;;;;;;;x
PROV171;Port Huron;;;;;;;;;;;;;x
PROV172;Flint;;;;;;;;;;;;;x
PROV173;The Thumb;;;;;;;;;;;;;x
PROV174;Saginaw;;;;;;;;;;;;;x
PROV175;Tawas;;;;;;;;;;;;;x
PROV176;St. Joseph;;;;;;;;;;;;;x
PROV177;Lansing;;;;;;;;;;;;;x
PROV178;Jacksonopolis;;;;;;;;;;;;;x
PROV179;Kalamazoo;;;;;;;;;;;;;x
PROV180;Holland;;;;;;;;;;;;;x
PROV181;Grand River;;;;;;;;;;;;;x
PROV182;Mount Pleasant;;;;;;;;;;;;;x
PROV183;Urbana;;;;;;;;;;;;;x
PROV184;Manistee;;;;;;;;;;;;;x
PROV185;Cadillac;;;;;;;;;;;;;x
PROV186;Traverse;;;;;;;;;;;;;x
PROV187;Michilimackinac;;;;;;;;;;;;;x
PROV188;Alpena;;;;;;;;;;;;;x
PROV189;Roscommon;;;;;;;;;;;;;x
PROV190;Three Mile Island;;;;;;;;;;;;;x
PROV191;Culpeper;;;;;;;;;;;;;x
PROV192;Bangor;;;;;;;;;;;;;x
PROV193;Mount Desert;;;;;;;;;;;;;x
PROV194;Machias;;;;;;;;;;;;;x
PROV195;Mattawamkeag;;;;;;;;;;;;;x
PROV196;Penobscot;;;;;;;;;;;;;x
PROV197;Skowhegan;;;;;;;;;;;;;x
PROV198;Caribou;;;;;;;;;;;;;x
PROV199;Moosehead;;;;;;;;;;;;;x
PROV200;Katahdin;;;;;;;;;;;;;x
PROV201;Allagash;;;;;;;;;;;;;x
PROV202;St. John Valley;;;;;;;;;;;;;x
PROV203;Oconee;;;;;;;;;;;;;x
PROV204;Deepstep;;;;;;;;;;;;;x
PROV205;Ocmulgee;;;;;;;;;;;;;x
PROV206;Hinesville;;;;;;;;;;;;;x
PROV207;Golden Isles;;;;;;;;;;;;;x
PROV208;Dublin;;;;;;;;;;;;;x
PROV209;Decorah;;;;;;;;;;;;;x
PROV210;Dubuque;;;;;;;;;;;;;x
PROV211;Scott;;;;;;;;;;;;;x
PROV212;Cedar;;;;;;;;;;;;;x
PROV213;Shoquoquon;;;;;;;;;;;;;x
PROV214;Cuivre;;;;;;;;;;;;;x
PROV215;Hannibal;;;;;;;;;;;;;x
PROV216;Boone;;;;;;;;;;;;;x
PROV217;Shawano;;;;;;;;;;;;;x
PROV218;Wausau;;;;;;;;;;;;;x
PROV219;Nicolet;;;;;;;;;;;;;x
PROV220;Hodagland;;;;;;;;;;;;;x
PROV221;Eau Claire;;;;;;;;;;;;;x
PROV222;Chequamegon;;;;;;;;;;;;;x
PROV223;South Shore;;;;;;;;;;;;;x
PROV224;Duluth;;;;;;;;;;;;;x
PROV225;St. Croix;;;;;;;;;;;;;x
PROV226;Willow;;;;;;;;;;;;;x
PROV227;Chetek;;;;;;;;;;;;;x
PROV228;Matamoros;;;;;;;;;;;;;x
PROV229;San Fernando;;;;;;;;;;;;;x
PROV230;Falcón;;;;;;;;;;;;;x
PROV231;Laredo;;;;;;;;;;;;;x
PROV232;White;;;;;;;;;;;;;x
PROV233;Chicot;;;;;;;;;;;;;x
PROV234;Pine Bluff;;;;;;;;;;;;;x
PROV235;Smackover;;;;;;;;;;;;;x
PROV236;Millwood;;;;;;;;;;;;;x
PROV237;Little Mo;;;;;;;;;;;;;x
PROV238;Crowley;;;;;;;;;;;;;x
PROV239;Bald Knob;;;;;;;;;;;;;x
PROV240;Little Rock;;;;;;;;;;;;;x
PROV241;Spring;;;;;;;;;;;;;x
PROV242;Sam's Throne;;;;;;;;;;;;;x
PROV243;Dardanelle;;;;;;;;;;;;;x
PROV244;Fort Smith;;;;;;;;;;;;;x
PROV245;Fay;;;;;;;;;;;;;x
PROV246;Joplin;;;;;;;;;;;;;x
PROV247;Springfield;;;;;;;;;;;;;x
PROV248;Meramec;;;;;;;;;;;;;x
PROV249;Osage;;;;;;;;;;;;;x
PROV250;Moks;;;;;;;;;;;;;x
PROV251;Saline;;;;;;;;;;;;;x
PROV252;Bluffwoods;;;;;;;;;;;;;x
PROV253;Nodaway;;;;;;;;;;;;;x
PROV254;Paho;;;;;;;;;;;;;x
PROV255;Thompson;;;;;;;;;;;;;x
PROV256;Ottumwa;;;;;;;;;;;;;x
PROV257;North Shore;;;;;;;;;;;;;x
PROV258;Kabetogama;;;;;;;;;;;;;x
PROV259;Mesabi;;;;;;;;;;;;;x
PROV260;Pokegama;;;;;;;;;;;;;x
PROV261;Mille Lacs;;;;;;;;;;;;;x
PROV262;Anoka;;;;;;;;;;;;;x
PROV263;Twin Cities;;;;;;;;;;;;;x
PROV264;Cannon;;;;;;;;;;;;;x
PROV265;Roch;;;;;;;;;;;;;x
PROV266;Totouskak;;;;;;;;;;;;;x
PROV267;Saguenay;;;;;;;;;;;;;x
PROV268;Saint-Jean;;;;;;;;;;;;;x
PROV269;Saint-Maurice;;;;;;;;;;;;;x
PROV270;Taureau;;;;;;;;;;;;;x
PROV271;Matawinia;;;;;;;;;;;;;x
PROV272;Haute-Labelle;;;;;;;;;;;;;x
PROV273;Bas-Labelle;;;;;;;;;;;;;x
PROV274;Papineau;;;;;;;;;;;;;x
PROV275;Hull;;;;;;;;;;;;;x
PROV276;Haute-Gatineau;;;;;;;;;;;;;x
PROV277;Pontiac;;;;;;;;;;;;;x
PROV278;South Nipissing;;;;;;;;;;;;;x
PROV279;Renfrew;;;;;;;;;;;;;x
PROV280;Rideau;;;;;;;;;;;;;x
PROV281;Bancroft;;;;;;;;;;;;;x
PROV282;Kawartha;;;;;;;;;;;;;x
PROV283;Haliburton;;;;;;;;;;;;;x
PROV284;Sudbury;;;;;;;;;;;;;x
PROV285;North Nipissing;;;;;;;;;;;;;x
PROV286;Parry Sound;;;;;;;;;;;;;x
PROV287;Muskoka;;;;;;;;;;;;;x
PROV288;Batchawana;;;;;;;;;;;;;x
PROV289;Bawating;;;;;;;;;;;;;x
PROV290;Manitoulin;;;;;;;;;;;;;x
PROV291;Timiskaming;;;;;;;;;;;;;x
PROV292;Blind River;;;;;;;;;;;;;x
PROV293;Ivanhoe;;;;;;;;;;;;;x
PROV294;Freeborn;;;;;;;;;;;;;x
PROV295;Prairie Rapids;;;;;;;;;;;;;x
PROV296;Des Moines;;;;;;;;;;;;;x
PROV297;Fort Dodge;;;;;;;;;;;;;x
PROV298;Icaria;;;;;;;;;;;;;x
PROV299;Kanesville;;;;;;;;;;;;;x
PROV300;Titus;;;;;;;;;;;;;x
PROV301;Grayson;;;;;;;;;;;;;x
PROV302;Wichita Falls;;;;;;;;;;;;;x
PROV303;Childress;;;;;;;;;;;;;x
PROV304;Possum;;;;;;;;;;;;;x
PROV305;Brownwood;;;;;;;;;;;;;x
PROV306;Abilene;;;;;;;;;;;;;x
PROV307;Concho;;;;;;;;;;;;;x
PROV308;Petroplex;;;;;;;;;;;;;x
PROV309;Crockett;;;;;;;;;;;;;x
PROV310;Pecos;;;;;;;;;;;;;x
PROV311;Big Bend;;;;;;;;;;;;;x
PROV312;Livermore;;;;;;;;;;;;;x
PROV313;El Paso;;;;;;;;;;;;;x
PROV314;Dal Paso;;;;;;;;;;;;;x
PROV315;Hobbs;;;;;;;;;;;;;x
PROV316;Lubbock;;;;;;;;;;;;;x
PROV317;Plainview;;;;;;;;;;;;;x
PROV318;Amarillo;;;;;;;;;;;;;x
PROV319;Kicpahat;;;;;;;;;;;;;x
PROV320;Foss;;;;;;;;;;;;;x
PROV321;Salt Fork;;;;;;;;;;;;;x
PROV322;Fort Sill;;;;;;;;;;;;;x
PROV323;Skeleton;;;;;;;;;;;;;x
PROV324;Niukonska;;;;;;;;;;;;;x
PROV325;Oklahoma;;;;;;;;;;;;;x
PROV326;Tallasi;;;;;;;;;;;;;x
PROV327;McAlester;;;;;;;;;;;;;x
PROV328;Kiamichi;;;;;;;;;;;;;x
PROV329;Bryan;;;;;;;;;;;;;x
PROV330;Lakehead;;;;;;;;;;;;;x
PROV331;Nipigon;;;;;;;;;;;;;x
PROV332;Schreiber;;;;;;;;;;;;;x
PROV333;Pic;;;;;;;;;;;;;x
PROV334;Michipicoten;;;;;;;;;;;;;x
PROV335;Nagagamisis;;;;;;;;;;;;;x
PROV336;White Sands;;;;;;;;;;;;;x
PROV337;Socorro;;;;;;;;;;;;;x
PROV338;Sandia;;;;;;;;;;;;;x
PROV339;Santa Fe;;;;;;;;;;;;;x
PROV340;Tucumcari;;;;;;;;;;;;;x
PROV341;Groom;;;;;;;;;;;;;x
PROV342;Laverne;;;;;;;;;;;;;x
PROV343;Panhandle;;;;;;;;;;;;;x
PROV344;Topeka;;;;;;;;;;;;;x
PROV345;Independence;;;;;;;;;;;;;x
PROV346;Atchison;;;;;;;;;;;;;x
PROV347;Republic;;;;;;;;;;;;;x
PROV348;Wichita;;;;;;;;;;;;;x
PROV349;Dodge;;;;;;;;;;;;;x
PROV350;Liberal;;;;;;;;;;;;;x
PROV351;Smoky Hill;;;;;;;;;;;;;x
PROV352;Hays;;;;;;;;;;;;;x
PROV353;Omaha;;;;;;;;;;;;;x
PROV354;Norfolk;;;;;;;;;;;;;x
PROV355;Niobrara;;;;;;;;;;;;;x
PROV356;Grand Island;;;;;;;;;;;;;x
PROV357;Kearny;;;;;;;;;;;;;x
PROV358;Outback;;;;;;;;;;;;;x
PROV359;Pine Ridge;;;;;;;;;;;;;x
PROV360;Wildcat;;;;;;;;;;;;;x
PROV361;McConaughy;;;;;;;;;;;;;x
PROV362;Republican;;;;;;;;;;;;;x
PROV363;Floyd;;;;;;;;;;;;;x
PROV364;Rock;;;;;;;;;;;;;x
PROV365;Coteau;;;;;;;;;;;;;x
PROV366;Blue Earth;;;;;;;;;;;;;x
PROV367;Rush;;;;;;;;;;;;;x
PROV368;Sauk;;;;;;;;;;;;;x
PROV369;Cuyuna;;;;;;;;;;;;;x
PROV370;Otter Tail-Pelican;;;;;;;;;;;;;x
PROV371;Bemidji;;;;;;;;;;;;;x
PROV372;Becker;;;;;;;;;;;;;x
PROV373;Roseau;;;;;;;;;;;;;x
PROV374;Sisseton;;;;;;;;;;;;;x
PROV375;Minnehaha;;;;;;;;;;;;;x
PROV376;Yankton;;;;;;;;;;;;;x
PROV377;Crow Creek;;;;;;;;;;;;;x
PROV378;Cheyenne River;;;;;;;;;;;;;x
PROV379;Walworth;;;;;;;;;;;;;x
PROV380;Lyman;;;;;;;;;;;;;x
PROV381;Rosebud;;;;;;;;;;;;;x
PROV382;Porcupine;;;;;;;;;;;;;x
PROV383;Rushmore;;;;;;;;;;;;;x
PROV384;Black Hills;;;;;;;;;;;;;x
PROV385;Sihasapa;;;;;;;;;;;;;x
PROV386;Larimer;;;;;;;;;;;;;x
PROV387;Boulder;;;;;;;;;;;;;x
PROV388;Weld;;;;;;;;;;;;;x
PROV389;Denver;;;;;;;;;;;;;x
PROV390;South Platte;;;;;;;;;;;;;x
PROV391;Pikes Peak;;;;;;;;;;;;;x
PROV392;Arp;;;;;;;;;;;;;x
PROV393;Peketon;;;;;;;;;;;;;x
PROV394;Pueblo;;;;;;;;;;;;;x
PROV395;Huerfano;;;;;;;;;;;;;x
PROV396;Raton;;;;;;;;;;;;;x
PROV397;Alamosa;;;;;;;;;;;;;x
PROV398;Taos;;;;;;;;;;;;;x
PROV399;Grand Forks;;;;;;;;;;;;;x
PROV400;Fargo;;;;;;;;;;;;;x
PROV401;Spirit Lake;;;;;;;;;;;;;x
PROV402;Minot;;;;;;;;;;;;;x
PROV403;Bismarck;;;;;;;;;;;;;x
PROV404;Mandan;;;;;;;;;;;;;x
PROV405;Fort Berthold;;;;;;;;;;;;;x
PROV406;West Turtle Mountain;;;;;;;;;;;;;x
PROV407;McKenzie;;;;;;;;;;;;;x
PROV408;Crownpoint;;;;;;;;;;;;;x
PROV409;Shiprock;;;;;;;;;;;;;x
PROV410;Tuba;;;;;;;;;;;;;x
PROV411;Chinle;;;;;;;;;;;;;x
PROV412;Fort Defiance;;;;;;;;;;;;;x
PROV413;Hopituskwa;;;;;;;;;;;;;x
PROV414;Jicarilla;;;;;;;;;;;;;x
PROV415;Shiwinnaqin;;;;;;;;;;;;;x
PROV416;Acoma;;;;;;;;;;;;;x
PROV417;Mogollon;;;;;;;;;;;;;x
PROV418;Yuma;;;;;;;;;;;;;x
PROV419;Two Sun;;;;;;;;;;;;;x
PROV420;Sierra Vista;;;;;;;;;;;;;x
PROV421;Luna;;;;;;;;;;;;;x
PROV422;Hidalgo;;;;;;;;;;;;;x
PROV423;Los Alamos;;;;;;;;;;;;;x
PROV424;Mesa;;;;;;;;;;;;;x
PROV425;Gunnison;;;;;;;;;;;;;x
PROV426;Mesa Verde;;;;;;;;;;;;;x
PROV427;Mineral Belt;;;;;;;;;;;;;x
PROV428;Yampa;;;;;;;;;;;;;x
PROV429;Bear River;;;;;;;;;;;;;x
PROV430;Salt Lake;;;;;;;;;;;;;x
PROV431;Provo;;;;;;;;;;;;;x
PROV432;Bonneville;;;;;;;;;;;;;x
PROV433;Uintah;;;;;;;;;;;;;x
PROV434;Canyonlands;;;;;;;;;;;;;x
PROV435;Fishlake;;;;;;;;;;;;;x
PROV436;Zion;;;;;;;;;;;;;x
PROV437;Grand Staircase;;;;;;;;;;;;;x
PROV438;Manti-La Sal;;;;;;;;;;;;;x
PROV439;Phoenix;;;;;;;;;;;;;x
PROV440;Flagstaff;;;;;;;;;;;;;x
PROV441;Gila;;;;;;;;;;;;;x
PROV442;Ahwe Nyava;;;;;;;;;;;;;x
PROV443;Bridger;;;;;;;;;;;;;x
PROV444;Summit;;;;;;;;;;;;;x
PROV445;Flaming Gorge;;;;;;;;;;;;;x
PROV446;Sublette;;;;;;;;;;;;;x
PROV447;Teton;;;;;;;;;;;;;x
PROV448;Yellowstone;;;;;;;;;;;;;x
PROV449;Stillwater;;;;;;;;;;;;;x
PROV450;Bingham;;;;;;;;;;;;;x
PROV451;Idaho Falls;;;;;;;;;;;;;x
PROV452;Bannock;;;;;;;;;;;;;x
PROV453;Shoshone Falls;;;;;;;;;;;;;x
PROV454;Wind River;;;;;;;;;;;;;x
PROV455;Big Horn;;;;;;;;;;;;;x
PROV456;Elmore;;;;;;;;;;;;;x
PROV457;Owyhee;;;;;;;;;;;;;x
PROV458;Duck Valley;;;;;;;;;;;;;x
PROV459;Cassia;;;;;;;;;;;;;x
PROV460;Gem Canyon;;;;;;;;;;;;;x
PROV461;Salmon River;;;;;;;;;;;;;x
PROV462;Baker;;;;;;;;;;;;;x
PROV463;Nez Perce;;;;;;;;;;;;;x
PROV464;Silver Valley;;;;;;;;;;;;;x
PROV465;Coeur d'Alene;;;;;;;;;;;;;x
PROV466;Flathead;;;;;;;;;;;;;x
PROV467;Bitterroot Valley;;;;;;;;;;;;;x
PROV468;Lemhi;;;;;;;;;;;;;x
PROV469;Beaverhead;;;;;;;;;;;;;x
PROV470;Granite;;;;;;;;;;;;;x
PROV471;Broadwater;;;;;;;;;;;;;x
PROV472;Meagher;;;;;;;;;;;;;x
PROV473;Salt Flats;;;;;;;;;;;;;x
PROV474;Carbon;;;;;;;;;;;;;x
PROV475;Medicine Bow;;;;;;;;;;;;;x
PROV476;Wheatland;;;;;;;;;;;;;x
PROV477;Thunder Basin;;;;;;;;;;;;;x
PROV478;Natrona;;;;;;;;;;;;;x
PROV479;Campbell;;;;;;;;;;;;;x
PROV480;Crow;;;;;;;;;;;;;x
PROV481;Powder River;;;;;;;;;;;;;x
PROV482;Fallon Prairie;;;;;;;;;;;;;x
PROV483;McCone;;;;;;;;;;;;;x
PROV484;Garfield;;;;;;;;;;;;;x
PROV485;Bowdoin Valley;;;;;;;;;;;;;x
PROV486;Fort Peck;;;;;;;;;;;;;x
PROV487;Treasure;;;;;;;;;;;;;x
PROV488;Fergus;;;;;;;;;;;;;x
PROV489;Belknap;;;;;;;;;;;;;x
PROV490;Marias;;;;;;;;;;;;;x
PROV491;Great Falls;;;;;;;;;;;;;x
PROV492;Freezeout;;;;;;;;;;;;;x
PROV493;Pondera;;;;;;;;;;;;;x
PROV494;Milk River;;;;;;;;;;;;;x
PROV495;Medicine Hat;;;;;;;;;;;;;x
PROV496;Warner;;;;;;;;;;;;;x
PROV497;Pincher Creek;;;;;;;;;;;;;x
PROV498;Vulcan;;;;;;;;;;;;;x
PROV499;Foothills;;;;;;;;;;;;;x
PROV500;Banff;;;;;;;;;;;;;x
PROV501;Koocanusa;;;;;;;;;;;;;x
PROV502;Kootenay;;;;;;;;;;;;;x
PROV503;Priest Lake;;;;;;;;;;;;;x
PROV504;Pend Oreille;;;;;;;;;;;;;x
PROV505;Spokane Valley;;;;;;;;;;;;;x
PROV506;Colville;;;;;;;;;;;;;x
PROV507;Douglas;;;;;;;;;;;;;x
PROV508;Grant;;;;;;;;;;;;;x
PROV509;Adams;;;;;;;;;;;;;x
PROV510;Whitman;;;;;;;;;;;;;x
PROV511;Franklin;;;;;;;;;;;;;x
PROV512;Yakama;;;;;;;;;;;;;x
PROV513;Kittitas;;;;;;;;;;;;;x
PROV514;Klickitat;;;;;;;;;;;;;x
PROV515;Wallawalla;;;;;;;;;;;;;x
PROV516;Umatilla;;;;;;;;;;;;;x
PROV517;Columbia Gorge;;;;;;;;;;;;;x
PROV518;Josephine;;;;;;;;;;;;;x
PROV519;Rogue Valley;;;;;;;;;;;;;x
PROV520;Klamath Falls;;;;;;;;;;;;;x
PROV521;Crater;;;;;;;;;;;;;x
PROV522;Hart Mountain;;;;;;;;;;;;;x
PROV523;Malheur;;;;;;;;;;;;;x
PROV524;Harney;;;;;;;;;;;;;x
PROV525;Ochoco;;;;;;;;;;;;;x
PROV526;Deschutes;;;;;;;;;;;;;x
PROV527;Coos Bay;;;;;;;;;;;;;x
PROV528;Umpqua;;;;;;;;;;;;;x
PROV529;Lane;;;;;;;;;;;;;x
PROV530;Siuslaw;;;;;;;;;;;;;x
PROV531;Santiam;;;;;;;;;;;;;x
PROV532;Tillamook;;;;;;;;;;;;;x
PROV533;Caltsop;;;;;;;;;;;;;x
PROV534;Portland;;;;;;;;;;;;;x
PROV535;Mount Hood;;;;;;;;;;;;;x
PROV536;Clark;;;;;;;;;;;;;x
PROV537;Willapa Bay;;;;;;;;;;;;;x
PROV538;Quinault;;;;;;;;;;;;;x
PROV539;Cape Alava;;;;;;;;;;;;;x
PROV540;Kitsap;;;;;;;;;;;;;x
PROV541;Capitol;;;;;;;;;;;;;x
PROV542;Rainier;;;;;;;;;;;;;x
PROV543;Seattle;;;;;;;;;;;;;x
PROV544;Snohomish;;;;;;;;;;;;;x
PROV545;Okanogan;;;;;;;;;;;;;x
PROV546;Camano;;;;;;;;;;;;;x
PROV547;Bellingham Bay;;;;;;;;;;;;;x
PROV548;Vancouver;;;;;;;;;;;;;x
PROV549;San Juan Islands;;;;;;;;;;;;;x
PROV550;Saanich;;;;;;;;;;;;;x
PROV551;Fjordland;;;;;;;;;;;;;x
PROV552;Carmanah;;;;;;;;;;;;;x
PROV553;Alberni;;;;;;;;;;;;;x
PROV554;Clayoquot;;;;;;;;;;;;;x
PROV555;Nanaimo;;;;;;;;;;;;;x
PROV556;Comox;;;;;;;;;;;;;x
PROV557;Elk Falls;;;;;;;;;;;;;x
PROV558;Klinaklini;;;;;;;;;;;;;x
PROV559;Discovery Islands;;;;;;;;;;;;;x
PROV560;Powell;;;;;;;;;;;;;x
PROV561;Sea-to-Sky;;;;;;;;;;;;;x
PROV562;Sunshine Coast;;;;;;;;;;;;;x
PROV563;Bella Coola;;;;;;;;;;;;;x
PROV564;Harrison;;;;;;;;;;;;;x
PROV565;Beyond Hope;;;;;;;;;;;;;x
PROV566;Kamloops;;;;;;;;;;;;;x
PROV567;Cariboo;;;;;;;;;;;;;x
PROV568;Itcha Ilgachuz;;;;;;;;;;;;;x
PROV569;Shuswap;;;;;;;;;;;;;x
PROV570;Kelowna;;;;;;;;;;;;;x
PROV571;Arrowhead;;;;;;;;;;;;;x
PROV572;Kinbasket;;;;;;;;;;;;;x
PROV573;Newell;;;;;;;;;;;;;x
PROV574;Saskatoon;;;;;;;;;;;;;x
PROV575;Piapot;;;;;;;;;;;;;x
PROV576;Javia;;;;;;;;;;;;;x
PROV577;Mcdonald;;;;;;;;;;;;;x
PROV578;Kenosee;;;;;;;;;;;;;x
PROV579;Muskowekwan;;;;;;;;;;;;;x
PROV580;Ochapowace;;;;;;;;;;;;;x
PROV581;Dauphin;;;;;;;;;;;;;x
PROV582;Assiniboine;;;;;;;;;;;;;x
PROV583;Interlake;;;;;;;;;;;;;x
PROV584;Winnipeg;;;;;;;;;;;;;x
PROV585;Atikaki;;;;;;;;;;;;;x
PROV586;Lac Seul;;;;;;;;;;;;;x
PROV587;Quetico;;;;;;;;;;;;;x
PROV588;Wabakimi;;;;;;;;;;;;;x
PROV589;Madeleine;;;;;;;;;;;;;x
PROV590;Mingan;;;;;;;;;;;;;x
PROV591;Nipissis;;;;;;;;;;;;;x
PROV592;Manitou;;;;;;;;;;;;;x
PROV593;Anticosti;;;;;;;;;;;;;x
PROV594;Natashquan;;;;;;;;;;;;;x
PROV595;Sept-Îles;;;;;;;;;;;;;x
PROV596;Haute Côte-Nord;;;;;;;;;;;;;x
PROV597;Outardes;;;;;;;;;;;;;x
PROV598;Manicouagan;;;;;;;;;;;;;x
PROV599;Onatchiway;;;;;;;;;;;;;x
PROV600;Arctic Territory;;;;;;;;;;;;;x
PROV601;Bermuda;;;;;;;;;;;;;x
PROV602;Appalachian Mountains;;;;;;;;;;;;;x
PROV603;Sierra Madre Occidental;;;;;;;;;;;;;x
PROV604;Sierra Madre Oriental;;;;;;;;;;;;;x
PROV605;Sierra Madre del Sur;;;;;;;;;;;;;x
PROV606;Sierra Madre de Chiapas;;;;;;;;;;;;;x
PROV607;Southern Rocky Mountains;;;;;;;;;;;;;x
PROV608;Isla Socorro;;;;;;;;;;;;;x
PROV609;Isla Guadalupe;;;;;;;;;;;;;x
PROV610;Sable Island;;;;;;;;;;;;;x
PROV611;Great Basin Desert;;;;;;;;;;;;;x
PROV612;Bitterroot Mountains;;;;;;;;;;;;;x
PROV613;Transverse Mountains;;;;;;;;;;;;;x
PROV614;Wasatch Mountains;;;;;;;;;;;;;x
PROV615;Northern Coast Range;;;;;;;;;;;;;x
PROV616;Mojave Wasteland;;;;;;;;;;;;;x
PROV617;Sierra Nevadas;;;;;;;;;;;;;x
PROV618;The Cascades;;;;;;;;;;;;;x
PROV619;Coast Mountains;;;;;;;;;;;;;x
PROV620;Vancouver Island;;;;;;;;;;;;;x
PROV621;Bighorn Mountains;;;;;;;;;;;;;x
PROV622;Cordillera Central;;;;;;;;;;;;;x
PROV623;Cordillera Occidental;;;;;;;;;;;;;x
PROV624;Cordillera Oriental;;;;;;;;;;;;;x
PROV625;Amazonas;;;;;;;;;;;;;x
PROV626;Cordillera de Mérida;;;;;;;;;;;;;x
PROV627;Sierra Nevada de Santa Marta;;;;;;;;;;;;;x
PROV628;Cordillera de Talamanca;;;;;;;;;;;;;x
PROV629;Klamath Mountains;;;;;;;;;;;;;x
PROV630;Columbia Mountains;;;;;;;;;;;;;x
PROV631;Interior Plateau;;;;;;;;;;;;;x
PROV632;Kipawa;;;;;;;;;;;;;x
PROV633;Coucoucache;;;;;;;;;;;;;x
PROV634;Labrador;;;;;;;;;;;;;x
PROV635;Caymans;;;;;;;;;;;;;x
PROV636;Sierra Nevada;;;;;;;;;;;;;x
PROV637;Peru;;;;;;;;;;;;;x
PROV638;Brazil;;;;;;;;;;;;;x
PROV639;Pedraza;;;;;;;;;;;;;x
PROV640;Araure;;;;;;;;;;;;;x
PROV641;Yopal;;;;;;;;;;;;;x
PROV642;Cumaribo;;;;;;;;;;;;;x
PROV643;Ariari;;;;;;;;;;;;;x
PROV644;Autana;;;;;;;;;;;;;x
PROV645;Capanaparo;;;;;;;;;;;;;x
PROV646;Páez;;;;;;;;;;;;;x
PROV647;Anaco;;;;;;;;;;;;;x
PROV648;Miranda;;;;;;;;;;;;;x
PROV649;Orituco;;;;;;;;;;;;;x
PROV650;Carora;;;;;;;;;;;;;x
PROV651;Guaviare;;;;;;;;;;;;;x
PROV652;Tuluá;;;;;;;;;;;;;x
PROV653;Saldaña;;;;;;;;;;;;;x
PROV654;Cáqueza;;;;;;;;;;;;;x
PROV655;Oriente Antioqueño;;;;;;;;;;;;;x
PROV656;Paramillo;;;;;;;;;;;;;x
PROV657;Olympic Mountains;;;;;;;;;;;;;x
PROV658;Cocos Island;;;;;;;;;;;;;x
PROV659;Waskaganish;;;;;;;;;;;;;x
PROV660;Moosonee;;;;;;;;;;;;;x
PROV661;Kashechewan;;;;;;;;;;;;;x
PROV662;Kapuskasing;;;;;;;;;;;;;x
PROV663;Wuskwi Sipihk;;;;;;;;;;;;;x
PROV664;Arctic Territory;;;;;;;;;;;;;x
PROV665;Cochrane;;;;;;;;;;;;;x
PROV666;Little Abitibi;;;;;;;;;;;;;x
PROV667;Gran Sabana;;;;;;;;;;;;;x
PROV668;Popayán;;;;;;;;;;;;;x
PROV669;Guyana Highlands;;;;;;;;;;;;;x
PROV670;Canaima;;;;;;;;;;;;;x
PROV671;Raposa Serra do Sol;;;;;;;;;;;;;x
PROV672;Boa Vista;;;;;;;;;;;;;x
PROV673;Amajari;;;;;;;;;;;;;x
PROV674;Bonfim;;;;;;;;;;;;;x
PROV675;Takutu;;;;;;;;;;;;;x
PROV676;Brazil;;;;;;;;;;;;;x
PROV677;Selva Virgen;;;;;;;;;;;;;x
PROV678;Texcoco;;;;;;;;;;;;;x
PROV679;Nye Pass;;;;;;;;;;;;;x
PROV680;Death Valley;;;;;;;;;;;;;x
PROV681;Rivers Inlet;;;;;;;;;;;;;x
PROV682;Prince George;;;;;;;;;;;;;x
PROV683;Fraser Valley;;;;;;;;;;;;;x
PROV684;Yellowhead;;;;;;;;;;;;;x
PROV685;Kitimat;;;;;;;;;;;;;x
PROV686;Similkameen;;;;;;;;;;;;;x
PROV687;PROV687;;;;;;;;;;;;;x
PROV688;PROV688;;;;;;;;;;;;;x
PROV689;PROV689;;;;;;;;;;;;;x
PROV690;PROV690;;;;;;;;;;;;;x
PROV691;PROV691;;;;;;;;;;;;;x
PROV692;PROV692;;;;;;;;;;;;;x
PROV693;PROV693;;;;;;;;;;;;;x
PROV694;PROV694;;;;;;;;;;;;;x
PROV695;PROV695;;;;;;;;;;;;;x
PROV696;PROV696;;;;;;;;;;;;;x
PROV697;PROV697;;;;;;;;;;;;;x
PROV698;PROV698;;;;;;;;;;;;;x
PROV699;PROV699;;;;;;;;;;;;;x
PROV700;PROV700;;;;;;;;;;;;;x
PROV701;PROV701;;;;;;;;;;;;;x
PROV702;PROV702;;;;;;;;;;;;;x
PROV703;PROV703;;;;;;;;;;;;;x
PROV704;PROV704;;;;;;;;;;;;;x
PROV705;PROV705;;;;;;;;;;;;;x
PROV706;PROV706;;;;;;;;;;;;;x
PROV707;PROV707;;;;;;;;;;;;;x
PROV708;PROV708;;;;;;;;;;;;;x
PROV709;PROV709;;;;;;;;;;;;;x
PROV710;PROV710;;;;;;;;;;;;;x
PROV711;PROV711;;;;;;;;;;;;;x
PROV712;PROV712;;;;;;;;;;;;;x
PROV713;PROV713;;;;;;;;;;;;;x
PROV714;PROV714;;;;;;;;;;;;;x
PROV715;PROV715;;;;;;;;;;;;;x
PROV716;PROV716;;;;;;;;;;;;;x
PROV717;PROV717;;;;;;;;;;;;;x
PROV718;PROV718;;;;;;;;;;;;;x
PROV719;PROV719;;;;;;;;;;;;;x
PROV720;PROV720;;;;;;;;;;;;;x
PROV721;PROV721;;;;;;;;;;;;;x
PROV722;PROV722;;;;;;;;;;;;;x
PROV723;PROV723;;;;;;;;;;;;;x
PROV724;PROV724;;;;;;;;;;;;;x
PROV725;PROV725;;;;;;;;;;;;;x
PROV726;PROV726;;;;;;;;;;;;;x
PROV727;PROV727;;;;;;;;;;;;;x
PROV728;PROV728;;;;;;;;;;;;;x
PROV729;PROV729;;;;;;;;;;;;;x
PROV730;PROV730;;;;;;;;;;;;;x
PROV731;PROV731;;;;;;;;;;;;;x
PROV732;PROV732;;;;;;;;;;;;;x
PROV733;PROV733;;;;;;;;;;;;;x
PROV734;PROV734;;;;;;;;;;;;;x
PROV735;PROV735;;;;;;;;;;;;;x
PROV736;PROV736;;;;;;;;;;;;;x
PROV737;PROV737;;;;;;;;;;;;;x
PROV738;PROV738;;;;;;;;;;;;;x
PROV739;PROV739;;;;;;;;;;;;;x
PROV740;PROV740;;;;;;;;;;;;;x
PROV741;PROV741;;;;;;;;;;;;;x
PROV742;PROV742;;;;;;;;;;;;;x
PROV743;PROV743;;;;;;;;;;;;;x
PROV744;PROV744;;;;;;;;;;;;;x
PROV745;PROV745;;;;;;;;;;;;;x
PROV746;PROV746;;;;;;;;;;;;;x
PROV747;PROV747;;;;;;;;;;;;;x
PROV748;PROV748;;;;;;;;;;;;;x
PROV749;PROV749;;;;;;;;;;;;;x
PROV750;PROV750;;;;;;;;;;;;;x
PROV751;PROV751;;;;;;;;;;;;;x
PROV752;PROV752;;;;;;;;;;;;;x
PROV753;PROV753;;;;;;;;;;;;;x
PROV754;PROV754;;;;;;;;;;;;;x
PROV755;PROV755;;;;;;;;;;;;;x
PROV756;PROV756;;;;;;;;;;;;;x
PROV757;PROV757;;;;;;;;;;;;;x
PROV758;PROV758;;;;;;;;;;;;;x
PROV759;PROV759;;;;;;;;;;;;;x
PROV760;PROV760;;;;;;;;;;;;;x
PROV761;PROV761;;;;;;;;;;;;;x
PROV762;PROV762;;;;;;;;;;;;;x
PROV763;PROV763;;;;;;;;;;;;;x
PROV764;PROV764;;;;;;;;;;;;;x
PROV765;PROV765;;;;;;;;;;;;;x
PROV766;PROV766;;;;;;;;;;;;;x
PROV767;PROV767;;;;;;;;;;;;;x
PROV768;PROV768;;;;;;;;;;;;;x
PROV769;PROV769;;;;;;;;;;;;;x
PROV770;PROV770;;;;;;;;;;;;;x
PROV771;PROV771;;;;;;;;;;;;;x
PROV772;PROV772;;;;;;;;;;;;;x
PROV773;PROV773;;;;;;;;;;;;;x
PROV774;PROV774;;;;;;;;;;;;;x
PROV775;PROV775;;;;;;;;;;;;;x
PROV776;PROV776;;;;;;;;;;;;;x
PROV777;PROV777;;;;;;;;;;;;;x
PROV778;PROV778;;;;;;;;;;;;;x
PROV779;PROV779;;;;;;;;;;;;;x
PROV780;PROV780;;;;;;;;;;;;;x
PROV781;PROV781;;;;;;;;;;;;;x
PROV782;PROV782;;;;;;;;;;;;;x
PROV783;PROV783;;;;;;;;;;;;;x
PROV784;PROV784;;;;;;;;;;;;;x
PROV785;PROV785;;;;;;;;;;;;;x
PROV786;PROV786;;;;;;;;;;;;;x
PROV787;PROV787;;;;;;;;;;;;;x
PROV788;PROV788;;;;;;;;;;;;;x
PROV789;PROV789;;;;;;;;;;;;;x
PROV790;PROV790;;;;;;;;;;;;;x
PROV791;PROV791;;;;;;;;;;;;;x
PROV792;PROV792;;;;;;;;;;;;;x
PROV793;PROV793;;;;;;;;;;;;;x
PROV794;PROV794;;;;;;;;;;;;;x
PROV795;PROV795;;;;;;;;;;;;;x
PROV796;PROV796;;;;;;;;;;;;;x
PROV797;PROV797;;;;;;;;;;;;;x
PROV798;PROV798;;;;;;;;;;;;;x
PROV799;PROV799;;;;;;;;;;;;;x
PROV800;PROV800;;;;;;;;;;;;;x
PROV801;PROV801;;;;;;;;;;;;;x
PROV802;PROV802;;;;;;;;;;;;;x
PROV803;PROV803;;;;;;;;;;;;;x
PROV804;PROV804;;;;;;;;;;;;;x
PROV805;PROV805;;;;;;;;;;;;;x
PROV806;PROV806;;;;;;;;;;;;;x
PROV807;PROV807;;;;;;;;;;;;;x
PROV808;PROV808;;;;;;;;;;;;;x
PROV809;PROV809;;;;;;;;;;;;;x
PROV810;PROV810;;;;;;;;;;;;;x
PROV811;PROV811;;;;;;;;;;;;;x
PROV812;PROV812;;;;;;;;;;;;;x
PROV813;PROV813;;;;;;;;;;;;;x
PROV814;PROV814;;;;;;;;;;;;;x
PROV815;PROV815;;;;;;;;;;;;;x
PROV816;PROV816;;;;;;;;;;;;;x
PROV817;PROV817;;;;;;;;;;;;;x
PROV818;PROV818;;;;;;;;;;;;;x
PROV819;PROV819;;;;;;;;;;;;;x
PROV820;PROV820;;;;;;;;;;;;;x
PROV821;PROV821;;;;;;;;;;;;;x
PROV822;PROV822;;;;;;;;;;;;;x
PROV823;PROV823;;;;;;;;;;;;;x
PROV824;PROV824;;;;;;;;;;;;;x
PROV825;PROV825;;;;;;;;;;;;;x
PROV826;PROV826;;;;;;;;;;;;;x
PROV827;PROV827;;;;;;;;;;;;;x
PROV828;PROV828;;;;;;;;;;;;;x
PROV829;PROV829;;;;;;;;;;;;;x
PROV830;PROV830;;;;;;;;;;;;;x
PROV831;PROV831;;;;;;;;;;;;;x
PROV832;PROV832;;;;;;;;;;;;;x
PROV833;PROV833;;;;;;;;;;;;;x
PROV834;PROV834;;;;;;;;;;;;;x
PROV835;PROV835;;;;;;;;;;;;;x
PROV836;PROV836;;;;;;;;;;;;;x
PROV837;PROV837;;;;;;;;;;;;;x
PROV838;PROV838;;;;;;;;;;;;;x
PROV839;PROV839;;;;;;;;;;;;;x
PROV840;PROV840;;;;;;;;;;;;;x
PROV841;PROV841;;;;;;;;;;;;;x
PROV842;PROV842;;;;;;;;;;;;;x
PROV843;PROV843;;;;;;;;;;;;;x
PROV844;PROV844;;;;;;;;;;;;;x
PROV845;PROV845;;;;;;;;;;;;;x
PROV846;PROV846;;;;;;;;;;;;;x
PROV847;PROV847;;;;;;;;;;;;;x
PROV848;PROV848;;;;;;;;;;;;;x
PROV849;PROV849;;;;;;;;;;;;;x
PROV850;PROV850;;;;;;;;;;;;;x
PROV851;PROV851;;;;;;;;;;;;;x
PROV852;PROV852;;;;;;;;;;;;;x
PROV853;PROV853;;;;;;;;;;;;;x
PROV854;PROV854;;;;;;;;;;;;;x
PROV855;PROV855;;;;;;;;;;;;;x
PROV856;PROV856;;;;;;;;;;;;;x
PROV857;PROV857;;;;;;;;;;;;;x
PROV858;PROV858;;;;;;;;;;;;;x
PROV859;PROV859;;;;;;;;;;;;;x
PROV860;PROV860;;;;;;;;;;;;;x
PROV861;PROV861;;;;;;;;;;;;;x
PROV862;PROV862;;;;;;;;;;;;;x
PROV863;PROV863;;;;;;;;;;;;;x
PROV864;PROV864;;;;;;;;;;;;;x
PROV865;PROV865;;;;;;;;;;;;;x
PROV866;PROV866;;;;;;;;;;;;;x
PROV867;PROV867;;;;;;;;;;;;;x
PROV868;PROV868;;;;;;;;;;;;;x
PROV869;PROV869;;;;;;;;;;;;;x
PROV870;PROV870;;;;;;;;;;;;;x
PROV871;PROV871;;;;;;;;;;;;;x
PROV872;PROV872;;;;;;;;;;;;;x
PROV873;PROV873;;;;;;;;;;;;;x
PROV874;PROV874;;;;;;;;;;;;;x
PROV875;PROV875;;;;;;;;;;;;;x
PROV876;PROV876;;;;;;;;;;;;;x
PROV877;PROV877;;;;;;;;;;;;;x
PROV878;PROV878;;;;;;;;;;;;;x
PROV879;PROV879;;;;;;;;;;;;;x
PROV880;PROV880;;;;;;;;;;;;;x
PROV881;PROV881;;;;;;;;;;;;;x
PROV882;PROV882;;;;;;;;;;;;;x
PROV883;PROV883;;;;;;;;;;;;;x
PROV884;PROV884;;;;;;;;;;;;;x
PROV885;PROV885;;;;;;;;;;;;;x
PROV886;PROV886;;;;;;;;;;;;;x
PROV887;PROV887;;;;;;;;;;;;;x
PROV888;PROV888;;;;;;;;;;;;;x
PROV889;PROV889;;;;;;;;;;;;;x
PROV890;PROV890;;;;;;;;;;;;;x
PROV891;PROV891;;;;;;;;;;;;;x
PROV892;PROV892;;;;;;;;;;;;;x
PROV893;PROV893;;;;;;;;;;;;;x
PROV894;PROV894;;;;;;;;;;;;;x
PROV895;PROV895;;;;;;;;;;;;;x
PROV896;PROV896;;;;;;;;;;;;;x
PROV897;PROV897;;;;;;;;;;;;;x
PROV898;PROV898;;;;;;;;;;;;;x
PROV899;PROV899;;;;;;;;;;;;;x
PROV900;PROV900;;;;;;;;;;;;;x
PROV901;PROV901;;;;;;;;;;;;;x
PROV902;PROV902;;;;;;;;;;;;;x
PROV903;PROV903;;;;;;;;;;;;;x
PROV904;PROV904;;;;;;;;;;;;;x
PROV905;PROV905;;;;;;;;;;;;;x
PROV906;PROV906;;;;;;;;;;;;;x
PROV907;PROV907;;;;;;;;;;;;;x
PROV908;PROV908;;;;;;;;;;;;;x
PROV909;PROV909;;;;;;;;;;;;;x
PROV910;PROV910;;;;;;;;;;;;;x
PROV911;PROV911;;;;;;;;;;;;;x
PROV912;PROV912;;;;;;;;;;;;;x
PROV913;PROV913;;;;;;;;;;;;;x
PROV914;PROV914;;;;;;;;;;;;;x
PROV915;PROV915;;;;;;;;;;;;;x
PROV916;PROV916;;;;;;;;;;;;;x
PROV917;PROV917;;;;;;;;;;;;;x
PROV918;PROV918;;;;;;;;;;;;;x
PROV919;PROV919;;;;;;;;;;;;;x
PROV920;PROV920;;;;;;;;;;;;;x
PROV921;PROV921;;;;;;;;;;;;;x
PROV922;PROV922;;;;;;;;;;;;;x
PROV923;PROV923;;;;;;;;;;;;;x
PROV924;PROV924;;;;;;;;;;;;;x
PROV925;PROV925;;;;;;;;;;;;;x
PROV926;PROV926;;;;;;;;;;;;;x
PROV927;PROV927;;;;;;;;;;;;;x
PROV928;PROV928;;;;;;;;;;;;;x
PROV929;PROV929;;;;;;;;;;;;;x
PROV930;PROV930;;;;;;;;;;;;;x
PROV931;PROV931;;;;;;;;;;;;;x
PROV932;PROV932;;;;;;;;;;;;;x
PROV933;PROV933;;;;;;;;;;;;;x
PROV934;PROV934;;;;;;;;;;;;;x
PROV935;PROV935;;;;;;;;;;;;;x
PROV936;PROV936;;;;;;;;;;;;;x
PROV937;PROV937;;;;;;;;;;;;;x
PROV938;PROV938;;;;;;;;;;;;;x
PROV939;PROV939;;;;;;;;;;;;;x
PROV940;PROV940;;;;;;;;;;;;;x
PROV941;PROV941;;;;;;;;;;;;;x
PROV942;PROV942;;;;;;;;;;;;;x
PROV943;PROV943;;;;;;;;;;;;;x
PROV944;PROV944;;;;;;;;;;;;;x
PROV945;PROV945;;;;;;;;;;;;;x
PROV946;PROV946;;;;;;;;;;;;;x
PROV947;PROV947;;;;;;;;;;;;;x
PROV948;PROV948;;;;;;;;;;;;;x
PROV949;PROV949;;;;;;;;;;;;;x
PROV950;PROV950;;;;;;;;;;;;;x
PROV951;PROV951;;;;;;;;;;;;;x
PROV952;PROV952;;;;;;;;;;;;;x
PROV953;PROV953;;;;;;;;;;;;;x
PROV954;PROV954;;;;;;;;;;;;;x
PROV955;PROV955;;;;;;;;;;;;;x
PROV956;PROV956;;;;;;;;;;;;;x
PROV957;PROV957;;;;;;;;;;;;;x
PROV958;PROV958;;;;;;;;;;;;;x
PROV959;PROV959;;;;;;;;;;;;;x
PROV960;PROV960;;;;;;;;;;;;;x
PROV961;PROV961;;;;;;;;;;;;;x
PROV962;PROV962;;;;;;;;;;;;;x
PROV963;PROV963;;;;;;;;;;;;;x
PROV964;PROV964;;;;;;;;;;;;;x
PROV965;PROV965;;;;;;;;;;;;;x
PROV966;PROV966;;;;;;;;;;;;;x
PROV967;PROV967;;;;;;;;;;;;;x
PROV968;PROV968;;;;;;;;;;;;;x
PROV969;PROV969;;;;;;;;;;;;;x
PROV970;PROV970;;;;;;;;;;;;;x
PROV971;PROV971;;;;;;;;;;;;;x
PROV972;PROV972;;;;;;;;;;;;;x
PROV973;PROV973;;;;;;;;;;;;;x
PROV974;PROV974;;;;;;;;;;;;;x
PROV975;PROV975;;;;;;;;;;;;;x
PROV976;PROV976;;;;;;;;;;;;;x
PROV977;PROV977;;;;;;;;;;;;;x
PROV978;PROV978;;;;;;;;;;;;;x
PROV979;PROV979;;;;;;;;;;;;;x
PROV980;PROV980;;;;;;;;;;;;;x
PROV981;PROV981;;;;;;;;;;;;;x
PROV982;PROV982;;;;;;;;;;;;;x
PROV983;PROV983;;;;;;;;;;;;;x
PROV984;PROV984;;;;;;;;;;;;;x
PROV985;PROV985;;;;;;;;;;;;;x
PROV986;PROV986;;;;;;;;;;;;;x
PROV987;PROV987;;;;;;;;;;;;;x
PROV988;PROV988;;;;;;;;;;;;;x
PROV989;PROV989;;;;;;;;;;;;;x
PROV990;PROV990;;;;;;;;;;;;;x
PROV991;PROV991;;;;;;;;;;;;;x
PROV992;PROV992;;;;;;;;;;;;;x
PROV993;PROV993;;;;;;;;;;;;;x
PROV994;PROV994;;;;;;;;;;;;;x
PROV995;PROV995;;;;;;;;;;;;;x
PROV996;PROV996;;;;;;;;;;;;;x
PROV997;PROV997;;;;;;;;;;;;;x
PROV998;PROV998;;;;;;;;;;;;;x
PROV999;PROV999;;;;;;;;;;;;;x
PROV1000;Okefenokee;;;;;;;;;;;;;x
PROV1001;Ochlockonee;;;;;;;;;;;;;x
PROV1002;Blackshear;;;;;;;;;;;;;x
PROV1003;Greenbo;;;;;;;;;;;;;x
PROV1004;Buckhorn;;;;;;;;;;;;;x
PROV1005;Corbin;;;;;;;;;;;;;x
PROV1006;Blue Licks;;;;;;;;;;;;;x
PROV1007;Transylvania;;;;;;;;;;;;;x
PROV1008;Old Bourbon;;;;;;;;;;;;;x
PROV1009;Louisville;;;;;;;;;;;;;x
PROV1010;Sault Ste. Marie;;;;;;;;;;;;;x
PROV1011;Tahquamenon;;;;;;;;;;;;;x
PROV1012;Manistique;;;;;;;;;;;;;x
PROV1013;Rough River;;;;;;;;;;;;;x
PROV1014;Owensboro;;;;;;;;;;;;;x
PROV1015;Mammoth;;;;;;;;;;;;;x
PROV1016;Wolf Creek;;;;;;;;;;;;;x
PROV1017;Mineral Mound;;;;;;;;;;;;;x
PROV1018;The Purchase;;;;;;;;;;;;;x
PROV1019;Nashville;;;;;;;;;;;;;x
PROV1020;Murfreesboro;;;;;;;;;;;;;x
PROV1021;Carthage;;;;;;;;;;;;;x
PROV1022;Sequatchie;;;;;;;;;;;;;x
PROV1023;Reelfoot;;;;;;;;;;;;;x
PROV1024;Memphis;;;;;;;;;;;;;x
PROV1025;Forked Deer;;;;;;;;;;;;;x
PROV1026;Tullahoma;;;;;;;;;;;;;x
PROV1027;Guntersville;;;;;;;;;;;;;x
PROV1028;Huntsville;;;;;;;;;;;;;x
PROV1029;Winston;;;;;;;;;;;;;x
PROV1030;LaGrange;;;;;;;;;;;;;x
PROV1031;Benning;;;;;;;;;;;;;x
PROV1032;Eufaula;;;;;;;;;;;;;x
PROV1033;Tuskegee;;;;;;;;;;;;;x
PROV1034;Dothan;;;;;;;;;;;;;x
PROV1035;Chipola;;;;;;;;;;;;;x
PROV1036;Birmingham;;;;;;;;;;;;;x
PROV1037;Talladega;;;;;;;;;;;;;x
PROV1038;Coosa;;;;;;;;;;;;;x
PROV1039;Montgomery;;;;;;;;;;;;;x
PROV1040;Tuscaloosa;;;;;;;;;;;;;x
PROV1041;Demopolis;;;;;;;;;;;;;x
PROV1042;Conecuh;;;;;;;;;;;;;x
PROV1043;Mobile;;;;;;;;;;;;;x
PROV1044;Pensacola;;;;;;;;;;;;;x
PROV1045;Apalachicola;;;;;;;;;;;;;x
PROV1046;Tallahassee;;;;;;;;;;;;;x
PROV1047;Pictured Rocks;;;;;;;;;;;;;x
PROV1048;Marquette;;;;;;;;;;;;;x
PROV1049;Escanaba;;;;;;;;;;;;;x
PROV1050;St. Louis;;;;;;;;;;;;;x
PROV1051;Cape Girardeau;;;;;;;;;;;;;x
PROV1052;Des Plaines;;;;;;;;;;;;;x
PROV1053;Rockford;;;;;;;;;;;;;x
PROV1054;Kankakee;;;;;;;;;;;;;x
PROV1055;Cairo;;;;;;;;;;;;;x
PROV1056;Kaskasia;;;;;;;;;;;;;x
PROV1057;Mount Vernon;;;;;;;;;;;;;x
PROV1058;Effingham;;;;;;;;;;;;;x
PROV1059;Evansville;;;;;;;;;;;;;x
PROV1060;Hoosier;;;;;;;;;;;;;x
PROV1061;Versailles;;;;;;;;;;;;;x
PROV1062;Vincennes;;;;;;;;;;;;;x
PROV1063;Indianapolis;;;;;;;;;;;;;x
PROV1064;Kokomo;;;;;;;;;;;;;x
PROV1065;Muncie;;;;;;;;;;;;;x
PROV1066;Knobstone;;;;;;;;;;;;;x
PROV1067;High Land;;;;;;;;;;;;;x
PROV1068;Tippecanoe;;;;;;;;;;;;;x
PROV1069;Kenapocomoco;;;;;;;;;;;;;x
PROV1070;Streatorland;;;;;;;;;;;;;x
PROV1071;Peoria;;;;;;;;;;;;;x
PROV1072;Sangamon;;;;;;;;;;;;;x
PROV1073;Decatur;;;;;;;;;;;;;x
PROV1074;West Okaw;;;;;;;;;;;;;x
PROV1075;Chambana;;;;;;;;;;;;;x
PROV1076;Watseka;;;;;;;;;;;;;x
PROV1077;Alton;;;;;;;;;;;;;x
PROV1078;Quincy;;;;;;;;;;;;;x
PROV1079;La Moine;;;;;;;;;;;;;x
PROV1080;Rock Cave;;;;;;;;;;;;;x
PROV1081;Uwharrie;;;;;;;;;;;;;x
PROV1082;Magnolia Hollow;;;;;;;;;;;;;x
PROV1083;Cheatham;;;;;;;;;;;;;x
PROV1084;Steinhatchee;;;;;;;;;;;;;x
PROV1085;Osceola;;;;;;;;;;;;;x
PROV1086;First Coast;;;;;;;;;;;;;x
PROV1087;Lochloosa;;;;;;;;;;;;;x
PROV1088;Ocala;;;;;;;;;;;;;x
PROV1089;Daytona Beach;;;;;;;;;;;;;x
PROV1090;Canaveral;;;;;;;;;;;;;x
PROV1091;Orlando;;;;;;;;;;;;;x
PROV1092;Homosassa;;;;;;;;;;;;;x
PROV1093;Tampa;;;;;;;;;;;;;x
PROV1094;Caloosahatchee;;;;;;;;;;;;;x
PROV1095;Okeechobee;;;;;;;;;;;;;x
PROV1096;Palm Beach;;;;;;;;;;;;;x
PROV1097;Miami;;;;;;;;;;;;;x
PROV1098;Everglades;;;;;;;;;;;;;x
PROV1099;Florida Keys;;;;;;;;;;;;;x
PROV1100;Havana;;;;;;;;;;;;;x
PROV1101;Matanzas;;;;;;;;;;;;;x
PROV1102;Pinar del Rio;;;;;;;;;;;;;x
PROV1103;Artemisa;;;;;;;;;;;;;x
PROV1104;Isla de Pinos;;;;;;;;;;;;;x
PROV1105;Santa Clara;;;;;;;;;;;;;x
PROV1106;Cienfuegos;;;;;;;;;;;;;x
PROV1107;Moron;;;;;;;;;;;;;x
PROV1108;Ciego de Ávila;;;;;;;;;;;;;x
PROV1109;Camagüey;;;;;;;;;;;;;x
PROV1110;Las Tunas;;;;;;;;;;;;;x
PROV1111;Granma;;;;;;;;;;;;;x
PROV1112;Holguin;;;;;;;;;;;;;x
PROV1113;Sierra Maestra;;;;;;;;;;;;;x
PROV1114;Baracoa;;;;;;;;;;;;;x
PROV1115;Guantanamo;;;;;;;;;;;;;x
PROV1116;Buttahatchee;;;;;;;;;;;;;x
PROV1117;Biloxi;;;;;;;;;;;;;x
PROV1118;Tangipahoa;;;;;;;;;;;;;x
PROV1119;Itta Homma;;;;;;;;;;;;;x
PROV1120;Homochitto;;;;;;;;;;;;;x
PROV1121;Leaf;;;;;;;;;;;;;x
PROV1122;Chickasawhay;;;;;;;;;;;;;x
PROV1123;Tallahoma;;;;;;;;;;;;;x
PROV1124;New Orleans;;;;;;;;;;;;;x
PROV1125;Natchez;;;;;;;;;;;;;x
PROV1126;Bayou Pierre;;;;;;;;;;;;;x
PROV1127;Vicksburg;;;;;;;;;;;;;x
PROV1128;Jackson;;;;;;;;;;;;;x
PROV1129;Meridian;;;;;;;;;;;;;x
PROV1130;Tombigbee;;;;;;;;;;;;;x
PROV1131;Arkabutla;;;;;;;;;;;;;x
PROV1132;Tillatoba;;;;;;;;;;;;;x
PROV1133;Sunflower;;;;;;;;;;;;;x
PROV1134;Holly Springs;;;;;;;;;;;;;x
PROV1135;Ackia;;;;;;;;;;;;;x
PROV1136;Oktibbeha;;;;;;;;;;;;;x
PROV1137;Yalobusha;;;;;;;;;;;;;x
PROV1138;Baraga-L'Anse;;;;;;;;;;;;;x
PROV1139;Keweenaw;;;;;;;;;;;;;x
PROV1140;Porcupines;;;;;;;;;;;;;x
PROV1141;Isle Royale;;;;;;;;;;;;;x
PROV1142;Gogebic;;;;;;;;;;;;;x
PROV1143;Iron River;;;;;;;;;;;;;x
PROV1144;Iron Mountain;;;;;;;;;;;;;x
PROV1145;La Crosse;;;;;;;;;;;;;x
PROV1146;Kickapoo;;;;;;;;;;;;;x
PROV1147;Galena;;;;;;;;;;;;;x
PROV1148;Rock Island;;;;;;;;;;;;;x
PROV1149;Milwaukee;;;;;;;;;;;;;x
PROV1150;Four Lakes;;;;;;;;;;;;;x
PROV1151;The Dells;;;;;;;;;;;;;x
PROV1152;Sheboygan;;;;;;;;;;;;;x
PROV1153;Winnebago;;;;;;;;;;;;;x
PROV1154;Puckaway;;;;;;;;;;;;;x
PROV1155;Portage;;;;;;;;;;;;;x
PROV1156;Peshtigo;;;;;;;;;;;;;x
PROV1157;Green Bay;;;;;;;;;;;;;x
PROV1158;Door;;;;;;;;;;;;;x
PROV1159;Manitowoc;;;;;;;;;;;;;x
PROV1160;Passamaquoddy;;;;;;;;;;;;;x
PROV1161;Saint John;;;;;;;;;;;;;x
PROV1162;Aucpaque;;;;;;;;;;;;;x
PROV1163;Meduxnekeag;;;;;;;;;;;;;x
PROV1164;Fundy;;;;;;;;;;;;;x
PROV1165;Moncton;;;;;;;;;;;;;x
PROV1166;Kouchibouguac;;;;;;;;;;;;;x
PROV1167;Miramichi;;;;;;;;;;;;;x
PROV1168;Gloucester;;;;;;;;;;;;;x
PROV1169;Mount Carleton;;;;;;;;;;;;;x
PROV1170;Chaleur;;;;;;;;;;;;;x
PROV1171;Petit-Sault;;;;;;;;;;;;;x
PROV1172;Cornwall;;;;;;;;;;;;;x
PROV1173;Middlesex;;;;;;;;;;;;;x
PROV1174;Surrey;;;;;;;;;;;;;x
PROV1175;Barbados;;;;;;;;;;;;;x
PROV1176;St. Vincent;;;;;;;;;;;;;x
PROV1177;St. Lucia;;;;;;;;;;;;;x
PROV1178;Martinique;;;;;;;;;;;;;x
PROV1179;Dominica;;;;;;;;;;;;;x
PROV1180;Guadeloupe;;;;;;;;;;;;;x
PROV1181;Antigua and Barbuda;;;;;;;;;;;;;x
PROV1182;Virgin Isles;;;;;;;;;;;;;x
PROV1183;San Juan;;;;;;;;;;;;;x
PROV1184;Ponce;;;;;;;;;;;;;x
PROV1185;Bayamón;;;;;;;;;;;;;x
PROV1186;Mayagüez;;;;;;;;;;;;;x
PROV1187;Port-au-Prince;;;;;;;;;;;;;x
PROV1188;Artibonite;;;;;;;;;;;;;x
PROV1189;Le Cap;;;;;;;;;;;;;x
PROV1190;Santo Domingo;;;;;;;;;;;;;x
PROV1191;Les Cayes;;;;;;;;;;;;;x
PROV1192;Santiago;;;;;;;;;;;;;x
PROV1193;Puerto Plata;;;;;;;;;;;;;x
PROV1194;La Romana;;;;;;;;;;;;;x
PROV1195;Barahona;;;;;;;;;;;;;x
PROV1196;Grand Bahama;;;;;;;;;;;;;x
PROV1197;New Providence;;;;;;;;;;;;;x
PROV1198;Turks and Caicos;;;;;;;;;;;;;x
PROV1199;Cap Diamant;;;;;;;;;;;;;x
PROV1200;Chaudière;;;;;;;;;;;;;x
PROV1201;Etchemin;;;;;;;;;;;;;x
PROV1202;Gaspé;;;;;;;;;;;;;x
PROV1203;Bonaventure;;;;;;;;;;;;;x
PROV1204;Chic-Chocs;;;;;;;;;;;;;x
PROV1205;Matapédia;;;;;;;;;;;;;x
PROV1206;Rimouski;;;;;;;;;;;;;x
PROV1207;Rivière-du-Loup;;;;;;;;;;;;;x
PROV1208;Sherbrooke;;;;;;;;;;;;;x
PROV1209;Frontenac;;;;;;;;;;;;;x
PROV1210;Amiante;;;;;;;;;;;;;x
PROV1211;Saint-François;;;;;;;;;;;;;x
PROV1212;Montérégie;;;;;;;;;;;;;x
PROV1213;Epekwitk;;;;;;;;;;;;;x
PROV1214;Summerside;;;;;;;;;;;;;x
PROV1215;Chignecto;;;;;;;;;;;;;x
PROV1216;Cape Jourimain;;;;;;;;;;;;;x
PROV1217;Hochelaga;;;;;;;;;;;;;x
PROV1218;Charlevoix;;;;;;;;;;;;;x
PROV1219;Laurentides;;;;;;;;;;;;;x
PROV1220;Portneuf;;;;;;;;;;;;;x
PROV1221;Mauricia;;;;;;;;;;;;;x
PROV1222;Lanaudière;;;;;;;;;;;;;x
PROV1223;Cameron;;;;;;;;;;;;;x
PROV1224;Nueces;;;;;;;;;;;;;x
PROV1225;Starr;;;;;;;;;;;;;x
PROV1226;Duval;;;;;;;;;;;;;x
PROV1227;Webb;;;;;;;;;;;;;x
PROV1228;Goliad;;;;;;;;;;;;;x
PROV1229;Live Oak;;;;;;;;;;;;;x
PROV1230;Maverick;;;;;;;;;;;;;x
PROV1231;Bexar;;;;;;;;;;;;;x
PROV1232;Comal;;;;;;;;;;;;;x
PROV1233;Val Verde;;;;;;;;;;;;;x
PROV1234;Uvalde;;;;;;;;;;;;;x
PROV1235;Travis;;;;;;;;;;;;;x
PROV1236;McLennan;;;;;;;;;;;;;x
PROV1237;Kerr;;;;;;;;;;;;;x
PROV1238;Harris;;;;;;;;;;;;;x
PROV1239;Beaumont;;;;;;;;;;;;;x
PROV1240;Matagorda;;;;;;;;;;;;;x
PROV1241;Waxahachie;;;;;;;;;;;;;x
PROV1242;Dallas;;;;;;;;;;;;;x
PROV1243;Tarrant;;;;;;;;;;;;;x
PROV1244;Sabine;;;;;;;;;;;;;x
PROV1245;Nacogdoches;;;;;;;;;;;;;x
PROV1246;Tyler;;;;;;;;;;;;;x
PROV1247;San Jacinto;;;;;;;;;;;;;x
PROV1248;San Saba;;;;;;;;;;;;;x
PROV1249;Plaquemines;;;;;;;;;;;;;x
PROV1250;Lafourche-Terrebonne;;;;;;;;;;;;;x
PROV1251;Atchafalaya;;;;;;;;;;;;;x
PROV1252;Lafayette;;;;;;;;;;;;;x
PROV1253;Vermilion;;;;;;;;;;;;;x
PROV1254;Cameron-Calcasieu;;;;;;;;;;;;;x
PROV1255;Brazos;;;;;;;;;;;;;x
PROV1256;Pitupok;;;;;;;;;;;;;x
PROV1257;Unamakika;;;;;;;;;;;;;x
PROV1258;Antigonish;;;;;;;;;;;;;x
PROV1259;Wagobagitik;;;;;;;;;;;;;x
PROV1260;Chebucto;;;;;;;;;;;;;x
PROV1261;Pisiguit;;;;;;;;;;;;;x
PROV1262;Usitukun;;;;;;;;;;;;;x
PROV1263;Galveston;;;;;;;;;;;;;x
PROV1264;St. Landry;;;;;;;;;;;;;x
PROV1265;Vernon;;;;;;;;;;;;;x
PROV1266;Rapides;;;;;;;;;;;;;x
PROV1267;Catahoula;;;;;;;;;;;;;x
PROV1268;Welland;;;;;;;;;;;;;x
PROV1269;Gore;;;;;;;;;;;;;x
PROV1270;Oshawa;;;;;;;;;;;;;x
PROV1271;Toronto;;;;;;;;;;;;;x
PROV1272;Bruce;;;;;;;;;;;;;x
PROV1273;Essex;;;;;;;;;;;;;x
PROV1274;Lambton;;;;;;;;;;;;;x
PROV1275;Elgin;;;;;;;;;;;;;x
PROV1276;Brant;;;;;;;;;;;;;x
PROV1277;Wellington;;;;;;;;;;;;;x
PROV1278;Simcoe;;;;;;;;;;;;;x
PROV1279;Huron;;;;;;;;;;;;;x
PROV1280;Ganaraska;;;;;;;;;;;;;x
PROV1281;Hastings;;;;;;;;;;;;;x
PROV1282;Prince Edward;;;;;;;;;;;;;x
PROV1283;Cataraqui;;;;;;;;;;;;;x
PROV1284;Natchitoches;;;;;;;;;;;;;x
PROV1285;Caddo;;;;;;;;;;;;;x
PROV1286;Ouachuita;;;;;;;;;;;;;x
PROV1287;Kisatchie;;;;;;;;;;;;;x
PROV1288;Ruston;;;;;;;;;;;;;x
PROV1289;Texarkana;;;;;;;;;;;;;x
PROV1290;Cypress;;;;;;;;;;;;;x
PROV1291;Bootheel;;;;;;;;;;;;;x
PROV1292;Black;;;;;;;;;;;;;x
PROV1293;Current;;;;;;;;;;;;;x
PROV1294;Gasconade;;;;;;;;;;;;;x
PROV1295;Cole;;;;;;;;;;;;;x
PROV1296;Thousand Islands;;;;;;;;;;;;;x
PROV1297;Ottawa;;;;;;;;;;;;;x
PROV1298;The United Counties;;;;;;;;;;;;;x
PROV1299;Vaudreuil-Soulanges;;;;;;;;;;;;;x
PROV1300;Grande Ligne;;;;;;;;;;;;;x
PROV1301;Laguna de Bustillos;;;;;;;;;;;;;x
PROV1302;Laguna de Babícora;;;;;;;;;;;;;x
PROV1303;El Oviachic;;;;;;;;;;;;;x
PROV1304;Dozois;;;;;;;;;;;;;x
PROV1305;Lac Simard;;;;;;;;;;;;;x
PROV1306;Lake Temagami;;;;;;;;;;;;;x
PROV1307;Pelican Lake;;;;;;;;;;;;;x
PROV1308;Swan Lake;;;;;;;;;;;;;x
PROV1309;Muskoka Lakes;;;;;;;;;;;;;x
PROV1310;Lake Winnipesaukee;;;;;;;;;;;;;x
PROV1311;Spednic Lake;;;;;;;;;;;;;x
PROV1312;Moosehead Lake;;;;;;;;;;;;;x
PROV1313;Kesagami Lake;;;;;;;;;;;;;x
PROV1314;Red Deer Lake;;;;;;;;;;;;;x
PROV1315;Grand Lakes;;;;;;;;;;;;;x
PROV1316;Lago de Atitlán;;;;;;;;;;;;;x
PROV1317;Santiaguillo;;;;;;;;;;;;;x
PROV1318;Lake Kissimmee;;;;;;;;;;;;;x
PROV1319;Lake Tohopekaliga;;;;;;;;;;;;;x
PROV1320;Crescent Lake;;;;;;;;;;;;;x
PROV1321;Lake Apopka;;;;;;;;;;;;;x
PROV1322;Lake George;;;;;;;;;;;;;x
PROV1323;Lake Istokpoga;;;;;;;;;;;;;x
PROV1324;Alligator Lake;;;;;;;;;;;;;x
PROV1325;Grand Lake;;;;;;;;;;;;;x
PROV1326;White Lake;;;;;;;;;;;;;x
PROV1327;Calcasieu Lake;;;;;;;;;;;;;x
PROV1328;Sabine Lake;;;;;;;;;;;;;x
PROV1329;Phelps Lake;;;;;;;;;;;;;x
PROV1330;Lake Mattamuskeet;;;;;;;;;;;;;x
PROV1331;Lake Livingstone;;;;;;;;;;;;;x
PROV1332;Lake Sam Rayburn;;;;;;;;;;;;;x
PROV1333;Toledo Bend;;;;;;;;;;;;;x
PROV1334;Lake Lanier;;;;;;;;;;;;;x
PROV1335;Lake Hartwell;;;;;;;;;;;;;x
PROV1336;Clarks Hill Lake;;;;;;;;;;;;;x
PROV1337;Lake Murray;;;;;;;;;;;;;x
PROV1338;Alberta Lakes;;;;;;;;;;;;;x
PROV1339;Lake Moultrie;;;;;;;;;;;;;x
PROV1340;Lake Marion;;;;;;;;;;;;;x
PROV1341;Gouin;;;;;;;;;;;;;x
PROV1342;Lac Kempt;;;;;;;;;;;;;x
PROV1343;Lac Taureau;;;;;;;;;;;;;x
PROV1344;Newfoundland Lakes;;;;;;;;;;;;;x
PROV1345;Labrador Lakes;;;;;;;;;;;;;x
PROV1346;Lac Chibougamau;;;;;;;;;;;;;x
PROV1347;Lac au Goéland;;;;;;;;;;;;;x
PROV1348;Lac Evans;;;;;;;;;;;;;x
PROV1349;Lac Des Milles Lac;;;;;;;;;;;;;x
PROV1350;Dog Lake;;;;;;;;;;;;;x
PROV1351;Last Mountain Lake;;;;;;;;;;;;;x
PROV1352;Lago de Yojoa;;;;;;;;;;;;;x
PROV1353;El Huizache;;;;;;;;;;;;;x
PROV1354;Lagunas de Pánuco;;;;;;;;;;;;;x
PROV1355;Las Adjuntas;;;;;;;;;;;;;x
PROV1356;Crater Lake;;;;;;;;;;;;;x
PROV1357;Lago Petén Itzá;;;;;;;;;;;;;x
PROV1358;Clear Lake;;;;;;;;;;;;;x
PROV1359;Malheur Lake;;;;;;;;;;;;;x
PROV1360;Upper Klamath Lake;;;;;;;;;;;;;x
PROV1361;Summer Lake;;;;;;;;;;;;;x
PROV1362;Lake Abert;;;;;;;;;;;;;x
PROV1363;Goose Lake;;;;;;;;;;;;;x
PROV1364;Upper Alkali Lake;;;;;;;;;;;;;x
PROV1365;Eagle Lake;;;;;;;;;;;;;x
PROV1366;Honey Lake;;;;;;;;;;;;;x
PROV1367;Lago de Miguel Alemán;;;;;;;;;;;;;x
PROV1368;Lago de Pátzcuaro;;;;;;;;;;;;;x
PROV1369;Malpaso;;;;;;;;;;;;;x
PROV1370;La Lagunera;;;;;;;;;;;;;x
PROV1371;Laguna Salada;;;;;;;;;;;;;x
PROV1372;Lago de Cuitzeo;;;;;;;;;;;;;x
PROV1373;Laguna de Sayula;;;;;;;;;;;;;x
PROV1374;Lago de Chapala;;;;;;;;;;;;;x
PROV1375;Lake Baskatong;;;;;;;;;;;;;x
PROV1376;Grand Lake;;;;;;;;;;;;;x
PROV1377;Wanapitei Lake;;;;;;;;;;;;;x
PROV1378;Lake Winnibigoshish;;;;;;;;;;;;;x
PROV1379;Leech Lake;;;;;;;;;;;;;x
PROV1380;Rivière-aux-Outardes;;;;;;;;;;;;;x
PROV1381;Lake Fléché;;;;;;;;;;;;;x
PROV1382;Lake Pipmuacan;;;;;;;;;;;;;x
PROV1383;Ossokmanuan Lake;;;;;;;;;;;;;x
PROV1384;Kootenay Lake;;;;;;;;;;;;;x
PROV1385;Yellowstone Lake;;;;;;;;;;;;;x
PROV1386;Fort Peck Lake;;;;;;;;;;;;;x
PROV1387;Laguna de Perlas;;;;;;;;;;;;;x
PROV1388;La Angostura;;;;;;;;;;;;;x
PROV1389;Laguna Tamiahua;;;;;;;;;;;;;x
PROV1390;Lake Almanor;;;;;;;;;;;;;x
PROV1391;Harrison Lake;;;;;;;;;;;;;x
PROV1392;Lake Pend Oreille;;;;;;;;;;;;;x
PROV1393;Flathead Lake;;;;;;;;;;;;;x
PROV1394;Finger Lakes;;;;;;;;;;;;;x
PROV1395;Old Wives Lake;;;;;;;;;;;;;x
PROV1396;Pyramid Lake;;;;;;;;;;;;;x
PROV1397;Mono Lake;;;;;;;;;;;;;x
PROV1398;Walker Lake;;;;;;;;;;;;;x
PROV1399;Sevier Lake;;;;;;;;;;;;;x
PROV1400;Lago de Guri;;;;;;;;;;;;;x
PROV1401;Brokopondostuwmeer;;;;;;;;;;;;;x
PROV1402;Ciénagas;;;;;;;;;;;;;x
PROV1403;Michikamau Lake;;;;;;;;;;;;;x
PROV1404;Cedar Lake;;;;;;;;;;;;;x
PROV1405;Lago Xolotlan;;;;;;;;;;;;;x
PROV1406;Lago Nicaragua;;;;;;;;;;;;;x
PROV1407;Lago de Valencia;;;;;;;;;;;;;x
PROV1408;Cienaga Grande de Santa Marta;;;;;;;;;;;;;x
PROV1409;Mille Lacs Lake;;;;;;;;;;;;;x
PROV1410;Quill Lakes;;;;;;;;;;;;;x
PROV1411;Lake Tahoe;;;;;;;;;;;;;x
PROV1412;Rainy Lake;;;;;;;;;;;;;x
PROV1413;Lake Izabal;;;;;;;;;;;;;x
PROV1414;Caratasca Lagoon;;;;;;;;;;;;;x
PROV1415;James Bay;;;;;;;;;;;;;x
PROV1416;Bras d'Or Lake;;;;;;;;;;;;;x
PROV1417;Lake Winnipeg;;;;;;;;;;;;;x
PROV1418;Lake Winnipegosis;;;;;;;;;;;;;x
PROV1419;Lake Manitoba;;;;;;;;;;;;;x
PROV1420;Lake of the Woods;;;;;;;;;;;;;x
PROV1421;Dauphin Lake;;;;;;;;;;;;;x
PROV1422;Red Lake;;;;;;;;;;;;;x
PROV1423;Lake Nipigon;;;;;;;;;;;;;x
PROV1424;Lake Mistassini;;;;;;;;;;;;;x
PROV1425;Lake Manicouagan;;;;;;;;;;;;;x
PROV1426;Lake Sakakawea;;;;;;;;;;;;;x
PROV1427;Lake Winnebago;;;;;;;;;;;;;x
PROV1428;Lake Simcoe;;;;;;;;;;;;;x
PROV1429;Lake Champlain;;;;;;;;;;;;;x
PROV1430;Great Salt Lake;;;;;;;;;;;;;x
PROV1431;Utah Lake;;;;;;;;;;;;;x
PROV1432;Salton Sea;;;;;;;;;;;;;x
PROV1433;Lake Saint-Jean;;;;;;;;;;;;;x
PROV1434;Lake Okeechobee;;;;;;;;;;;;;x
PROV1435;Lake Maurepas;;;;;;;;;;;;;x
PROV1436;Lake Salvador;;;;;;;;;;;;;x
PROV1437;Sebago Lake;;;;;;;;;;;;;x
PROV1438;Bear Lake;;;;;;;;;;;;;x
PROV1439;Lake Nipissing;;;;;;;;;;;;;x
PROV1440;Devils Lake;;;;;;;;;;;;;x
PROV1441;Lake Abitibi;;;;;;;;;;;;;x
PROV1442;Lago de Texcoco;;;;;;;;;;;;;x
PROV1443;Choke Canyon;;;;;;;;;;;;;x
PROV1444;Chilko Lake;;;;;;;;;;;;;x
PROV1445;Charlotte Lake;;;;;;;;;;;;;x
PROV1446;Quesnel Lake;;;;;;;;;;;;;x
PROV1447;Owikeno Lake;;;;;;;;;;;;;x
PROV1448;Upper Ohio River;;;;;;;;;;;;;x
PROV1449;Upper Mississippi River;;;;;;;;;;;;;x
PROV1450;Oneida Lake;;;;;;;;;;;;;x
PROV1451;Strait of Canso;;;;;;;;;;;;;x
PROV1452;Coast of Nova Scotia;;;;;;;;;;;;;x
PROV1453;Gulf of Maine;;;;;;;;;;;;;x
PROV1454;Lake Melville;;;;;;;;;;;;;x
PROV1455;Coast of Labrador;;;;;;;;;;;;;x
PROV1456;Coast of Newfoundland;;;;;;;;;;;;;x
PROV1457;Strait of Belle Isle;;;;;;;;;;;;;x
PROV1458;Cabot Strait;;;;;;;;;;;;;x
PROV1459;Grand Banks;;;;;;;;;;;;;x
PROV1460;Río Cauca;;;;;;;;;;;;;x
PROV1461;Lower Río Magdalena;;;;;;;;;;;;;x
PROV1462;Upper Río Magdalena;;;;;;;;;;;;;x
PROV1463;Upper Río Orinoco;;;;;;;;;;;;;x
PROV1464;Lower Río Orinoco;;;;;;;;;;;;;x
PROV1465;Coast of Guyana;;;;;;;;;;;;;x
PROV1466;Sea of Trinidad;;;;;;;;;;;;;x
PROV1467;Close Leeward Antilles;;;;;;;;;;;;;x
PROV1468;Far Leeward Antilles;;;;;;;;;;;;;x
PROV1469;Coast of Colombia;;;;;;;;;;;;;x
PROV1470;Lake Maracaibo;;;;;;;;;;;;;x
PROV1471;Gulf of Venezuela;;;;;;;;;;;;;x
PROV1472;Toronto Bay;;;;;;;;;;;;;x
PROV1473;Niagara River;;;;;;;;;;;;;x
PROV1474;Upper St. Lawrence;;;;;;;;;;;;;x
PROV1475;Lower St. Lawrence;;;;;;;;;;;;;x
PROV1476;Delaware Bay;;;;;;;;;;;;;x
PROV1477;Nantucket Sound;;;;;;;;;;;;;x
PROV1478;Cape Cod;;;;;;;;;;;;;x
PROV1479;Bay of Fundy;;;;;;;;;;;;;x
PROV1480;Coast of Nova Scotia;;;;;;;;;;;;;x
PROV1481;Northumberland Strait;;;;;;;;;;;;;x
PROV1482;St. Lawrence Estuary;;;;;;;;;;;;;x
PROV1483;Chesapeake Bay;;;;;;;;;;;;;x
PROV1484;Carolinian Coast;;;;;;;;;;;;;x
PROV1485;Pamlico Sound;;;;;;;;;;;;;x
PROV1486;Lower Hudson River;;;;;;;;;;;;;x
PROV1487;Mohawk River;;;;;;;;;;;;;x
PROV1488;Erie Canal;;;;;;;;;;;;;x
PROV1489;Long Island Sound;;;;;;;;;;;;;x
PROV1490;Lake Ontario;;;;;;;;;;;;;x
PROV1491;Lake Erie;;;;;;;;;;;;;x
PROV1492;Put-in-Bay;;;;;;;;;;;;;x
PROV1493;Lake St. Clair;;;;;;;;;;;;;x
PROV1494;Florida Coast;;;;;;;;;;;;;x
PROV1495;Lower Mississippi River;;;;;;;;;;;;;x
PROV1496;Tennessee River;;;;;;;;;;;;;x
PROV1497;Lower Ohio River;;;;;;;;;;;;;x
PROV1498;Middle Ohio River;;;;;;;;;;;;;x
PROV1499;Lake Huron;;;;;;;;;;;;;x
PROV1500;Saginaw Bay;;;;;;;;;;;;;x
PROV1501;Georgian Bay;;;;;;;;;;;;;x
PROV1502;North Channel;;;;;;;;;;;;;x
PROV1503;Straits of Mackinac;;;;;;;;;;;;;x
PROV1504;Grand Traverse Bay;;;;;;;;;;;;;x
PROV1505;Green Bay;;;;;;;;;;;;;x
PROV1506;Lake Michigan;;;;;;;;;;;;;x
PROV1507;Winyah Bay;;;;;;;;;;;;;x
PROV1508;St. Simons Sound;;;;;;;;;;;;;x
PROV1509;Sabana-Camagüey;;;;;;;;;;;;;x
PROV1510;Florida Bay;;;;;;;;;;;;;x
PROV1511;Tampa Bay;;;;;;;;;;;;;x
PROV1512;Apalachee Bay;;;;;;;;;;;;;x
PROV1513;Eastern Gulf of Mexico;;;;;;;;;;;;;x
PROV1514;Mississippi Delta;;;;;;;;;;;;;x
PROV1515;Soo Locks;;;;;;;;;;;;;x
PROV1516;Keweenaw Bay;;;;;;;;;;;;;x
PROV1517;Lake Superior;;;;;;;;;;;;;x
PROV1518;Chain of Rocks;;;;;;;;;;;;;x
PROV1519;Colorado Banks;;;;;;;;;;;;;x
PROV1520;Gulf of Matamano;;;;;;;;;;;;;x
PROV1521;Queen's Gardens;;;;;;;;;;;;;x
PROV1522;Western Windward Passage;;;;;;;;;;;;;x
PROV1523;Nipe Bay;;;;;;;;;;;;;x
PROV1524;Head of the Lakes;;;;;;;;;;;;;x
PROV1525;Thunder Bay;;;;;;;;;;;;;x
PROV1526;Coast of Cayenne;;;;;;;;;;;;;x
PROV1527;Kingston Harbour;;;;;;;;;;;;;x
PROV1528;Southern Antilles;;;;;;;;;;;;;x
PROV1529;Lesser Antilles;;;;;;;;;;;;;x
PROV1530;Anegada Passage;;;;;;;;;;;;;x
PROV1531;Southern Caribbean;;;;;;;;;;;;;x
PROV1532;Samana Bay;;;;;;;;;;;;;x
PROV1533;Eastern Windward Passage;;;;;;;;;;;;;x
PROV1534;Gulf of Gonaives;;;;;;;;;;;;;x
PROV1535;Little Bahama Bank;;;;;;;;;;;;;x
PROV1536;Great Bahama Bank;;;;;;;;;;;;;x
PROV1537;Southern Caribbean;;;;;;;;;;;;;x
PROV1538;Southern Caribbean;;;;;;;;;;;;;x
PROV1539;Acadian Coast;;;;;;;;;;;;;x
PROV1540;Galveston Bay;;;;;;;;;;;;;x
PROV1541;Laguna Madre;;;;;;;;;;;;;x
PROV1542;Western Gulf of Mexico;;;;;;;;;;;;;x
PROV1543;Cape Catoche;;;;;;;;;;;;;x
PROV1544;Coast of Veracruz;;;;;;;;;;;;;x
PROV1545;Coast of Tampico;;;;;;;;;;;;;x
PROV1546;Red River;;;;;;;;;;;;;x
PROV1547;Mississippi River;;;;;;;;;;;;;x
PROV1548;Mississippi River;;;;;;;;;;;;;x
PROV1549;Mississippi River;;;;;;;;;;;;;x
PROV1550;Missouri River;;;;;;;;;;;;;x
PROV1551;Missouri River;;;;;;;;;;;;;x
PROV1552;Mississippi River;;;;;;;;;;;;;x
PROV1553;Illinois River;;;;;;;;;;;;;x
PROV1554;Cairo Gate;;;;;;;;;;;;;x
PROV1555;Chicago Canal;;;;;;;;;;;;;x
PROV1556;Lower Arkansas River;;;;;;;;;;;;;x
PROV1557;Upper Arkansas River;;;;;;;;;;;;;x
PROV1558;Tombigbee River;;;;;;;;;;;;;x
PROV1559;Upper Rio Grande;;;;;;;;;;;;;x
PROV1560;Upper Hudson River;;;;;;;;;;;;;x
PROV1561;Missouri River;;;;;;;;;;;;;x
PROV1562;Missouri River;;;;;;;;;;;;;x
PROV1563;Mississippi River;;;;;;;;;;;;;x
PROV1564;Coast of Bermuda;;;;;;;;;;;;;x
PROV1565;Atlantic Ocean;;;;;;;;;;;;;x
PROV1566;Gulf of St. Lawrence;;;;;;;;;;;;;x
PROV1567;St. Lawrence River;;;;;;;;;;;;;x
PROV1568;Gulf of St. Lawrence;;;;;;;;;;;;;x
PROV1569;Gulf of St. Lawrence;;;;;;;;;;;;;x
PROV1570;Gulf of St. Lawrence;;;;;;;;;;;;;x
PROV1571;Coast of Tabasco;;;;;;;;;;;;;x
PROV1572;Southern Gulf of Mexico;;;;;;;;;;;;;x
PROV1573;Coast of Yucatán;;;;;;;;;;;;;x
PROV1574;Cayman Sea;;;;;;;;;;;;;x
PROV1575;Gulf of Honduras;;;;;;;;;;;;;x
PROV1576;Coast of Belize;;;;;;;;;;;;;x
PROV1577;Amatique Bay;;;;;;;;;;;;;x
PROV1578;Coast of Honduras;;;;;;;;;;;;;x
PROV1579;Coast of Mosquito;;;;;;;;;;;;;x
PROV1580;Sea of Catalina;;;;;;;;;;;;;x
PROV1581;Southern Caribbean;;;;;;;;;;;;;x
PROV1582;Southern Caribbean;;;;;;;;;;;;;x
PROV1583;Coast of Haiti;;;;;;;;;;;;;x
PROV1584;Coast of Santo Domingo;;;;;;;;;;;;;x
PROV1585;Coast of Puerto Rico;;;;;;;;;;;;;x
PROV1586;Lower Rio Grande;;;;;;;;;;;;;x
PROV1587;Gulf of Mosquitos;;;;;;;;;;;;;x
PROV1588;Gulf of Darién;;;;;;;;;;;;;x
PROV1589;Coast of Guatemala;;;;;;;;;;;;;x
PROV1590;Isthmus of Tehuantepec;;;;;;;;;;;;;x
PROV1591;Coast of Oaxaca;;;;;;;;;;;;;x
PROV1592;Rich Coast;;;;;;;;;;;;;x
PROV1593;Coast of Michoacán;;;;;;;;;;;;;x
PROV1594;Coast of Colima;;;;;;;;;;;;;x
PROV1595;Coast of Jalisco;;;;;;;;;;;;;x
PROV1596;Great Equinox Ocean;;;;;;;;;;;;;x
PROV1597;Cabo Point;;;;;;;;;;;;;x
PROV1598;Sea of Cortés;;;;;;;;;;;;;x
PROV1599;Queen Charlotte Sound;;;;;;;;;;;;;x
PROV1600;Gulf of Cortés;;;;;;;;;;;;;x
PROV1601;Coast of Baja Sur;;;;;;;;;;;;;x
PROV1602;Strait of Georgia;;;;;;;;;;;;;x
PROV1603;Coast of Baja California;;;;;;;;;;;;;x
PROV1604;Channel Coast;;;;;;;;;;;;;x
PROV1605;Gulf of the Farallones;;;;;;;;;;;;;x
PROV1606;Coast of California;;;;;;;;;;;;;x
PROV1607;Cascade Coast;;;;;;;;;;;;;x
PROV1608;Coast of Oregon;;;;;;;;;;;;;x
PROV1609;Salish Sea;;;;;;;;;;;;;x
PROV1610;Coast of Washington;;;;;;;;;;;;;x
PROV1611;Puget Sound;;;;;;;;;;;;;x
PROV1612;Lower Colorado River;;;;;;;;;;;;;x
PROV1613;Upper Colorado River;;;;;;;;;;;;;x
PROV1614;Lower Columbia River;;;;;;;;;;;;;x
PROV1615;Middle Columbia River;;;;;;;;;;;;;x
PROV1616;Upper Columbia River;;;;;;;;;;;;;x
PROV1617;Snake River;;;;;;;;;;;;;x
PROV1618;Sacramento River;;;;;;;;;;;;;x
PROV1619;San Joaquin River;;;;;;;;;;;;;x
PROV1620;California Delta;;;;;;;;;;;;;x
PROV1621;Gulf of Chiriqui;;;;;;;;;;;;;x
PROV1622;Gulf of Panamá;;;;;;;;;;;;;x
PROV1623;Coast of Chocó;;;;;;;;;;;;;x
PROV1624;PROV1624;;;;;;;;;;;;;x
PROV1625;PROV1625;;;;;;;;;;;;;x
PROV1626;PROV1626;;;;;;;;;;;;;x
PROV1627;PROV1627;;;;;;;;;;;;;x
PROV1628;PROV1628;;;;;;;;;;;;;x
PROV1629;PROV1629;;;;;;;;;;;;;x
PROV1630;PROV1630;;;;;;;;;;;;;x
PROV1631;PROV1631;;;;;;;;;;;;;x
PROV1632;PROV1632;;;;;;;;;;;;;x
PROV1633;PROV1633;;;;;;;;;;;;;x
PROV1634;PROV1634;;;;;;;;;;;;;x
PROV1635;PROV1635;;;;;;;;;;;;;x
PROV1636;PROV1636;;;;;;;;;;;;;x
PROV1637;PROV1637;;;;;;;;;;;;;x
PROV1638;PROV1638;;;;;;;;;;;;;x
PROV1639;PROV1639;;;;;;;;;;;;;x
PROV1640;PROV1640;;;;;;;;;;;;;x
PROV1641;PROV1641;;;;;;;;;;;;;x
PROV1642;PROV1642;;;;;;;;;;;;;x
PROV1643;PROV1643;;;;;;;;;;;;;x
PROV1644;PROV1644;;;;;;;;;;;;;x
PROV1645;PROV1645;;;;;;;;;;;;;x
PROV1646;PROV1646;;;;;;;;;;;;;x
PROV1647;PROV1647;;;;;;;;;;;;;x
PROV1648;PROV1648;;;;;;;;;;;;;x
PROV1649;PROV1649;;;;;;;;;;;;;x
PROV1650;PROV1650;;;;;;;;;;;;;x
PROV1651;PROV1651;;;;;;;;;;;;;x
PROV1652;PROV1652;;;;;;;;;;;;;x
PROV1653;PROV1653;;;;;;;;;;;;;x
PROV1654;PROV1654;;;;;;;;;;;;;x
PROV2000;La Paz;La Paz;La Paz;;;;;;;;;;;x
PROV2001;Los Cabos;Los Cabos;Los Cabos;;;;;;;;;;;x
PROV2002;Tijuana;Tijuana;Tijuana;;;;;;;;;;;x
PROV2003;Mexicali;Mexicali;Mexicali;;;;;;;;;;;x
PROV2004;Ensenada;Ensenada;Ensenada;;;;;;;;;;;x
PROV2005;El Rosario;El Rosario;El Rosario;;;;;;;;;;;x
PROV2006;El Arco;El Arco;El Arco;;;;;;;;;;;x
PROV2007;Guerrero Negro;Guerrero Negro;Guerrero Negro;;;;;;;;;;;x
PROV2008;Mulegé;Mulegé;Mulegé;;;;;;;;;;;x
PROV2009;Loreto;Loreto;Loreto;;;;;;;;;;;x
PROV2010;San Diego;San Diego;San Diego;;;;;;;;;;;x
PROV2011;Descanso;Descanso;Descanso;;;;;;;;;;;x
PROV2012;Pendleton;Pendleton;Pendleton;;;;;;;;;;;x
PROV2013;Imperial;Imperial;Imperial;;;;;;;;;;;x
PROV2014;Orange;Orange;Orange;;;;;;;;;;;x
PROV2015;Riverside;Riverside;Riverside;;;;;;;;;;;x
PROV2016;Palm Springs;Palm Springs;Palm Springs;;;;;;;;;;;x
PROV2017;Out Islands;Out Islands;Out Islands;;;;;;;;;;;x
PROV2018;Blythe;Blythe;Blythe;;;;;;;;;;;x
PROV2019;Los Angeles;Los Angeles;Los Angeles;;;;;;;;;;;x
PROV2020;Antelope;Antelope;Antelope;;;;;;;;;;;x
PROV2021;Ventura;Ventura;Ventura;;;;;;;;;;;x
PROV2022;Tejon Pass;Tejon Pass;Tejon Pass;;;;;;;;;;;x
PROV2023;Channel Islands;Channel Islands;Channel Islands;;;;;;;;;;;x
PROV2024;Santa Barbara;Santa Barbara;Santa Barbara;;;;;;;;;;;x
PROV2025;Obispo;Obispo;Obispo;;;;;;;;;;;x
PROV2026;Monterey;Monterey;Monterey;;;;;;;;;;;x
PROV2027;Bako;Bako;Bako;;;;;;;;;;;x
PROV2028;San Benito;San Benito;San Benito;;;;;;;;;;;x
PROV2029;San Jose;San Jose;San Jose;;;;;;;;;;;x
PROV2030;Santa Cruz;Santa Cruz;Santa Cruz;;;;;;;;;;;x
PROV2031;San Francisco;San Francisco;San Francisco;;;;;;;;;;;x
PROV2032;Alameda;Alameda;Alameda;;;;;;;;;;;x
PROV2033;Marin;Marin;Marin;;;;;;;;;;;x
PROV2034;Tulare;Tulare;Tulare;;;;;;;;;;;x
PROV2035;Avenal;Avenal;Avenal;;;;;;;;;;;x
PROV2036;Fresno;Fresno;Fresno;;;;;;;;;;;x
PROV2037;Tollhouse;Tollhouse;Tollhouse;;;;;;;;;;;x
PROV2038;Stanislaus;Stanislaus;Stanislaus;;;;;;;;;;;x
PROV2039;Madera;Madera;Madera;;;;;;;;;;;x
PROV2040;Mariposa;Mariposa;Mariposa;;;;;;;;;;;x
PROV2041;Tuolumne;Tuolumne;Tuolumne;;;;;;;;;;;x
PROV2042;Contra Costa;Contra Costa;Contra Costa;;;;;;;;;;;x
PROV2043;Napa;Napa;Napa;;;;;;;;;;;x
PROV2044;Yolo;Yolo;Yolo;;;;;;;;;;;x
PROV2045;San Joaquin;San Joaquin;San Joaquin;;;;;;;;;;;x
PROV2046;Sacramento;Sacramento;Sacramento;;;;;;;;;;;x
PROV2047;Yuba;Yuba;Yuba;;;;;;;;;;;x
PROV2048;Butte;Butte;Butte;;;;;;;;;;;x
PROV2049;Glenn;Glenn;Glenn;;;;;;;;;;;x
PROV2050;Colusa;Colusa;Colusa;;;;;;;;;;;x
PROV2051;Lake;Lake;Lake;;;;;;;;;;;x
PROV2052;Sonoma;Sonoma;Sonoma;;;;;;;;;;;x
PROV2053;Bragg;Bragg;Bragg;;;;;;;;;;;x
PROV2054;Mendocino;Mendocino;Mendocino;;;;;;;;;;;x
PROV2055;Humboldt;Humboldt;Humboldt;;;;;;;;;;;x
PROV2056;Eureka;Eureka;Eureka;;;;;;;;;;;x
PROV2057;Redwood;Redwood;Redwood;;;;;;;;;;;x
PROV2058;Klamath;Klamath;Klamath;;;;;;;;;;;x
PROV2059;Redding;Redding;Redding;;;;;;;;;;;x
PROV2060;Mount Shasta;Mount Shasta;Mount Shasta;;;;;;;;;;;x
PROV2061;Yreka;Yreka;Yreka;;;;;;;;;;;x
PROV2062;Tehama;Tehama;Tehama;;;;;;;;;;;x
PROV2063;Dorado;Dorado;Dorado;;;;;;;;;;;x
PROV2064;Tahoe;Tahoe;Tahoe;;;;;;;;;;;x
PROV2065;Lassen;Lassen;Lassen;;;;;;;;;;;x
PROV2066;Modoc;Modoc;Modoc;;;;;;;;;;;x
PROV2067;Black Rock;Black Rock;Black Rock;;;;;;;;;;;x
PROV2068;Reno;Reno;Reno;;;;;;;;;;;x
PROV2069;Carson;Carson;Carson;;;;;;;;;;;x
PROV2070;Ridgecrest;Ridgecrest;Ridgecrest;;;;;;;;;;;x
PROV2071;Inyo;Inyo;Inyo;;;;;;;;;;;x
PROV2072;Hawthorne;Hawthorne;Hawthorne;;;;;;;;;;;x
PROV2073;Las Vegas;Las Vegas;Las Vegas;;;;;;;;;;;x
PROV2074;Grand Canyon;Grand Canyon;Grand Canyon;;;;;;;;;;;x
PROV2075;Barstow;Barstow;Barstow;;;;;;;;;;;x
PROV2076;Solano;Solano;Solano;;;;;;;;;;;x
PROV2077;Joshua Tree;Joshua Tree;Joshua Tree;;;;;;;;;;;x
PROV2078;St. Johns;St. Johns;St. Johns;;;;;;;;;;;x
PROV2079;Fortune Bay;Fortune Bay;Fortune Bay;;;;;;;;;;;x
PROV2080;St. Mary;St. Mary;St. Mary;;;;;;;;;;;x
PROV2081;Bonavista;Bonavista;Bonavista;;;;;;;;;;;x
PROV2082;Anguille;Anguille;Anguille;;;;;;;;;;;x
PROV2083;St. Anthony;St. Anthony;St. Anthony;;;;;;;;;;;x
PROV2084;Netagamiou;Netagamiou;Netagamiou;;;;;;;;;;;x
PROV2085;Thule;Thule;Thule;;;;;;;;;;;x
PROV2086;Tortuga;Tortuga;Tortuga;;;;;;;;;;;x
PROV2087;St. Kitts and Nevis;St. Kitts and Nevis;St. Kitts and Nevis;;;;;;;;;;;x
PROV2088;Grenada;Grenada;Grenada;;;;;;;;;;;x
PROV2089;Labrador;Labrador;Labrador;;;;;;;;;;;x
PROV2090;Goose Bay;Goose Bay;Goose Bay;;;;;;;;;;;x
PROV2091;Port Hardy;Port Hardy;Port Hardy;;;;;;;;;;;x
PROV2092;Nootka;Nootka;Nootka;;;;;;;;;;;x
PROV2093;Edmonton;Edmonton;Edmonton;;;;;;;;;;;x
PROV2094;Red Deer;Red Deer;Red Deer;;;;;;;;;;;x
PROV2095;Lloydminster;Lloydminster;Lloydminster;;;;;;;;;;;x
PROV2096;Nemaska;Nemaska;Nemaska;;;;;;;;;;;x
PROV2097;Chibougamau;Chibougamau;Chibougamau;;;;;;;;;;;x
PROV2098;Matagami;Matagami;Matagami;;;;;;;;;;;x
PROV2099;Abitibi;Abitibi;Abitibi;;;;;;;;;;;x
PROV2100;Vallée-de-l'Or;Vallée-de-l'Or;Vallée-de-l'Or;;;;;;;;;;;x
PROV2101;Ahtahkakoop;Ahtahkakoop;Ahtahkakoop;;;;;;;;;;;x
PROV2102;Clearwater;Clearwater;Clearwater;;;;;;;;;;;x
PROV2103;Nipawin;Nipawin;Nipawin;;;;;;;;;;;x
PROV2104;Zapata;Zapata;Zapata;;;;;;;;;;;x
PROV2105;Sancti Spiritus;Sancti Spiritus;Sancti Spiritus;;;;;;;;;;;x
PROV2106;La Gonâve;La Gonâve;La Gonâve;;;;;;;;;;;x
PROV2107;La Vega;La Vega;La Vega;;;;;;;;;;;x
PROV2108;Cañada;Cañada;Cañada;;;;;;;;;;;x
PROV2109;Acuña;Acuña;Acuña;;;;;;;;;;;x
PROV2110;El Cielo;El Cielo;El Cielo;;;;;;;;;;;x
PROV2111;Pánuco;Pánuco;Pánuco;;;;;;;;;;;x
PROV3000;Caborca;Caborca;Caborca;;;;;;;;;;;x
PROV3001;Plutarco;Plutarco;Plutarco;;;;;;;;;;;x
PROV3002;Hermosillo;Hermosillo;Hermosillo;;;;;;;;;;;x
PROV3003;Nogales;Nogales;Nogales;;;;;;;;;;;x
PROV3004;Guaymas;Guaymas;Guaymas;;;;;;;;;;;x
PROV3005;Culiacán;Culiacán;Culiacán;;;;;;;;;;;x
PROV3006;Mazatlán;Mazatlán;Mazatlán;;;;;;;;;;;x
PROV3007;Los Mochis;Los Mochis;Los Mochis;;;;;;;;;;;x
PROV3008;Chihuahua;Chihuahua;Chihuahua;;;;;;;;;;;x
PROV3009;Ahumada;Ahumada;Ahumada;;;;;;;;;;;x
PROV3010;Parral;Parral;Parral;;;;;;;;;;;x
PROV3011;Guerrero;Guerrero;Guerrero;;;;;;;;;;;x
PROV3012;Santa Elena;Santa Elena;Santa Elena;;;;;;;;;;;x
PROV3013;Ascensión;Ascensión;Ascensión;;;;;;;;;;;x
PROV3014;Guachochi;Guachochi;Guachochi;;;;;;;;;;;x
PROV3015;Tutuaca;Tutuaca;Tutuaca;;;;;;;;;;;x
PROV3016;Durango;Durango;Durango;;;;;;;;;;;x
PROV3017;Fernández;Fernández;Fernández;;;;;;;;;;;x
PROV3018;Altamirano;Altamirano;Altamirano;;;;;;;;;;;x
PROV3019;Cuatrociénegas;Cuatrociénegas;Cuatrociénegas;;;;;;;;;;;x
PROV3020;Maderas del Carmen;Maderas del Carmen;Maderas del Carmen;;;;;;;;;;;x
PROV3021;Piedras Negras;Piedras Negras;Piedras Negras;;;;;;;;;;;x
PROV3022;Múzquiz;Múzquiz;Múzquiz;;;;;;;;;;;x
PROV3023;Monclova;Monclova;Monclova;;;;;;;;;;;x
PROV3024;Saltillo;Saltillo;Saltillo;;;;;;;;;;;x
PROV3025;Torreón;Torreón;Torreón;;;;;;;;;;;x
PROV3026;Monterrey;Monterrey;Monterrey;;;;;;;;;;;x
PROV3027;Cumbres de Monterrey;Cumbres de Monterrey;Cumbres de Monterrey;;;;;;;;;;;x
PROV3028;Montemorelos;Montemorelos;Montemorelos;;;;;;;;;;;x
PROV3029;Victoria;Victoria;Victoria;;;;;;;;;;;x
PROV3030;Soto la Marina;Soto la Marina;Soto la Marina;;;;;;;;;;;x
PROV3031;Sombrerete;Sombrerete;Sombrerete;;;;;;;;;;;x
PROV3032;Mazapil;Mazapil;Mazapil;;;;;;;;;;;x
PROV3033;Valparaíso;Valparaíso;Valparaíso;;;;;;;;;;;x
PROV3034;Mixtón;Mixtón;Mixtón;;;;;;;;;;;x
PROV3035;Fresnillo;Fresnillo;Fresnillo;;;;;;;;;;;x
PROV3036;Zacatecas;Zacatecas;Zacatecas;;;;;;;;;;;x
PROV3037;Matehuala;Matehuala;Matehuala;;;;;;;;;;;x
PROV3038;San Luis Potosí;San Luis Potosí;San Luis Potosí;;;;;;;;;;;x
PROV3039;Ciudad Valles;Ciudad Valles;Ciudad Valles;;;;;;;;;;;x
PROV3040;Guadalajara;Guadalajara;Guadalajara;;;;;;;;;;;x
PROV3041;Zapotlán el Grande;Zapotlán el Grande;Zapotlán el Grande;;;;;;;;;;;x
PROV3042;Ameca;Ameca;Ameca;;;;;;;;;;;x
PROV3043;Sierra de Amula;Sierra de Amula;Sierra de Amula;;;;;;;;;;;x
PROV3044;Puerto Vallarta;Puerto Vallarta;Puerto Vallarta;;;;;;;;;;;x
PROV3045;Costalegre;Costalegre;Costalegre;;;;;;;;;;;x
PROV3046;Tepic;Tepic;Tepic;;;;;;;;;;;x
PROV3047;Acaponeta;Acaponeta;Acaponeta;;;;;;;;;;;x
PROV3048;Islas Marías;Islas Marías;Islas Marías;;;;;;;;;;;x
PROV3049;Colima;Colima;Colima;;;;;;;;;;;x
PROV3050;Manzanillo;Manzanillo;Manzanillo;;;;;;;;;;;x
PROV3051;Zamora;Zamora;Zamora;;;;;;;;;;;x
PROV3052;Morelia;Morelia;Morelia;;;;;;;;;;;x
PROV3053;Uruapan;Uruapan;Uruapan;;;;;;;;;;;x
PROV3054;Pátzcuaro;Pátzcuaro;Pátzcuaro;;;;;;;;;;;x
PROV3055;Coalcomán;Coalcomán;Coalcomán;;;;;;;;;;;x
PROV3056;Lázaro Cárdenas;Lázaro Cárdenas;Lázaro Cárdenas;;;;;;;;;;;x
PROV3057;Petatlán;Petatlán;Petatlán;;;;;;;;;;;x
PROV3058;Tepalcatepec;Tepalcatepec;Tepalcatepec;;;;;;;;;;;x
PROV3059;Oriente;Oriente;Oriente;;;;;;;;;;;x
PROV3060;Huetamo;Huetamo;Huetamo;;;;;;;;;;;x
PROV3061;Coyuca de Catalán;Coyuca de Catalán;Coyuca de Catalán;;;;;;;;;;;x
PROV3062;Iguala;Iguala;Iguala;;;;;;;;;;;x
PROV3063;Sierra Gorda;Sierra Gorda;Sierra Gorda;;;;;;;;;;;x
PROV3064;Pachuca;Pachuca;Pachuca;;;;;;;;;;;x
PROV3065;Temascalcingo;Temascalcingo;Temascalcingo;;;;;;;;;;;x
PROV3066;Teoloyucan;Teoloyucan;Teoloyucan;;;;;;;;;;;x
PROV3067;Mexico;Mexico;Mexico;;;;;;;;;;;x
PROV3068;Toluca;Toluca;Toluca;;;;;;;;;;;x
PROV3069;Morelos;Morelos;Morelos;;;;;;;;;;;x
PROV3070;Tlaxcala;Tlaxcala;Tlaxcala;;;;;;;;;;;x
PROV3071;Puebla;Puebla;Puebla;;;;;;;;;;;x
PROV3072;Tehuacán;Tehuacán;Tehuacán;;;;;;;;;;;x
PROV3073;Totonacapan;Totonacapan;Totonacapan;;;;;;;;;;;x
PROV3074;Tampico;Tampico;Tampico;;;;;;;;;;;x
PROV3075;Tuxpan;Tuxpan;Tuxpan;;;;;;;;;;;x
PROV3076;Huayacocotla;Huayacocotla;Huayacocotla;;;;;;;;;;;x
PROV3077;Tononaca;Tononaca;Tononaca;;;;;;;;;;;x
PROV3078;Xalapa;Xalapa;Xalapa;;;;;;;;;;;x
PROV3079;Heroica Veracruz;Heroica Veracruz;Heroica Veracruz;;;;;;;;;;;x
PROV3080;Las Montañas;Las Montañas;Las Montañas;;;;;;;;;;;x
PROV3081;Coatzacoalcos;Coatzacoalcos;Coatzacoalcos;;;;;;;;;;;x
PROV3082;Olmeca;Olmeca;Olmeca;;;;;;;;;;;x
PROV3083;Papaloapam;Papaloapam;Papaloapam;;;;;;;;;;;x
PROV3084;Aguascalientes;Aguascalientes;Aguascalientes;;;;;;;;;;;x
PROV3085;Atenas;Atenas;Atenas;;;;;;;;;;;x
PROV3086;Tepatitlán;Tepatitlán;Tepatitlán;;;;;;;;;;;x
PROV3087;León;León;León;;;;;;;;;;;x
PROV3088;Guanajuato;Guanajuato;Guanajuato;;;;;;;;;;;x
PROV3089;Irapuato;Irapuato;Irapuato;;;;;;;;;;;x
PROV3090;Celaya;Celaya;Celaya;;;;;;;;;;;x
PROV3091;Santiago de Querétaro;Santiago de Querétaro;Santiago de Querétaro;;;;;;;;;;;x
PROV3092;Jalpan de Serra;Jalpan de Serra;Jalpan de Serra;;;;;;;;;;;x
PROV3093;Oaxaca;Oaxaca;Oaxaca;;;;;;;;;;;x
PROV3094;Tlacolula;Tlacolula;Tlacolula;;;;;;;;;;;x
PROV3095;Sierra Sur;Sierra Sur;Sierra Sur;;;;;;;;;;;x
PROV3096;Nochixtlán;Nochixtlán;Nochixtlán;;;;;;;;;;;x
PROV3097;Tlaxiaco;Tlaxiaco;Tlaxiaco;;;;;;;;;;;x
PROV3098;Tehuantepec;Tehuantepec;Tehuantepec;;;;;;;;;;;x
PROV3099;Juchitán;Juchitán;Juchitán;;;;;;;;;;;x
PROV3100;Chimalapas;Chimalapas;Chimalapas;;;;;;;;;;;x
PROV3101;Chilpancingo;Chilpancingo;Chilpancingo;;;;;;;;;;;x
PROV3102;Tlapa;Tlapa;Tlapa;;;;;;;;;;;x
PROV3103;Acatlán;Acatlán;Acatlán;;;;;;;;;;;x
PROV3104;Huajuapan;Huajuapan;Huajuapan;;;;;;;;;;;x
PROV3105;Acapulco;Acapulco;Acapulco;;;;;;;;;;;x
PROV3106;Ometepec;Ometepec;Ometepec;;;;;;;;;;;x
PROV3107;Jamiltepec;Jamiltepec;Jamiltepec;;;;;;;;;;;x
PROV3108;Pochutla;Pochutla;Pochutla;;;;;;;;;;;x
PROV3109;Chacchoben;Chacchoben;Chacchoben;;;;;;;;;;;x
PROV3110;Sian-Ka'an;Sian-Ka'an;Sian-Ka'an;;;;;;;;;;;x
PROV3111;Cozumel;Cozumel;Cozumel;;;;;;;;;;;x
PROV3112;Cancún;Cancún;Cancún;;;;;;;;;;;x
PROV3113;Chichén Itzá;Chichén Itzá;Chichén Itzá;;;;;;;;;;;x
PROV3114;Celestún;Celestún;Celestún;;;;;;;;;;;x
PROV3115;Mayapán;Mayapán;Mayapán;;;;;;;;;;;x
PROV3116;Merida;Merida;Merida;;;;;;;;;;;x
PROV3117;Campeche;Campeche;Campeche;;;;;;;;;;;x
PROV3118;Calakmul;Calakmul;Calakmul;;;;;;;;;;;x
PROV3119;Carmen;Carmen;Carmen;;;;;;;;;;;x
PROV3120;Centla;Centla;Centla;;;;;;;;;;;x
PROV3121;Cárdenas;Cárdenas;Cárdenas;;;;;;;;;;;x
PROV3122;Villahermosa;Villahermosa;Villahermosa;;;;;;;;;;;x
PROV3123;Chuntuki;Chuntuki;Chuntuki;;;;;;;;;;;x
PROV3124;Tikal;Tikal;Tikal;;;;;;;;;;;x
PROV3125;Nojpetén;Nojpetén;Nojpetén;;;;;;;;;;;x
PROV3126;Poptún;Poptún;Poptún;;;;;;;;;;;x
PROV3127;Sayaxché;Sayaxché;Sayaxché;;;;;;;;;;;x
PROV3128;Lacandón;Lacandón;Lacandón;;;;;;;;;;;x
PROV3129;Tenosique;Tenosique;Tenosique;;;;;;;;;;;x
PROV3130;Yalbac;Yalbac;Yalbac;;;;;;;;;;;x
PROV3131;Chetumal;Chetumal;Chetumal;;;;;;;;;;;x
PROV3132;Dzuluinicob;Dzuluinicob;Dzuluinicob;;;;;;;;;;;x
PROV3133;Manche;Manche;Manche;;;;;;;;;;;x
PROV3134;Comitán;Comitán;Comitán;;;;;;;;;;;x
PROV3135;Montes Azules;Montes Azules;Montes Azules;;;;;;;;;;;x
PROV3136;Nezahualcoyatl;Nezahualcoyatl;Nezahualcoyatl;;;;;;;;;;;x
PROV3137;Tuxtla Gutiérrez;Tuxtla Gutiérrez;Tuxtla Gutiérrez;;;;;;;;;;;x
PROV3138;San Cristóbal de las Casas;San Cristóbal de las Casas;San Cristóbal de las Casas;;;;;;;;;;;x
PROV3139;Pueblo Neuvo;Pueblo Neuvo;Pueblo Neuvo;;;;;;;;;;;x
PROV3140;La Fraylesca;La Fraylesca;La Fraylesca;;;;;;;;;;;x
PROV3141;Quiché;Quiché;Quiché;;;;;;;;;;;x
PROV3142;Verapazes;Verapazes;Verapazes;;;;;;;;;;;x
PROV3143;Atitlán;Atitlán;Atitlán;;;;;;;;;;;x
PROV3144;Quetzaltenango;Quetzaltenango;Quetzaltenango;;;;;;;;;;;x
PROV3145;Chiquimula;Chiquimula;Chiquimula;;;;;;;;;;;x
PROV3146;Pacífico;Pacífico;Pacífico;;;;;;;;;;;x
PROV3147;Guatemala;Guatemala;Guatemala;;;;;;;;;;;x
PROV3148;San Salvador;San Salvador;San Salvador;;;;;;;;;;;x
PROV3149;San Miguel;San Miguel;San Miguel;;;;;;;;;;;x
PROV3150;Chalatenango;Chalatenango;Chalatenango;;;;;;;;;;;x
PROV3151;Matagalpa;Matagalpa;Matagalpa;;;;;;;;;;;x
PROV3152;Estelí;Estelí;Estelí;;;;;;;;;;;x
PROV3153;Choluteca;Choluteca;Choluteca;;;;;;;;;;;x
PROV3154;Chinandega;Chinandega;Chinandega;;;;;;;;;;;x
PROV3155;Izabal;Izabal;Izabal;;;;;;;;;;;x
PROV3156;San Pedro Sula;San Pedro Sula;San Pedro Sula;;;;;;;;;;;x
PROV3157;La Ceiba;La Ceiba;La Ceiba;;;;;;;;;;;x
PROV3158;Yoro;Yoro;Yoro;;;;;;;;;;;x
PROV3159;Colón;Colón;Colón;;;;;;;;;;;x
PROV3160;Islas de la Bahía;Islas de la Bahía;Islas de la Bahía;;;;;;;;;;;x
PROV3161;Tegucigalpa;Tegucigalpa;Tegucigalpa;;;;;;;;;;;x
PROV3162;Comayagua;Comayagua;Comayagua;;;;;;;;;;;x
PROV3163;El Paraíso;El Paraíso;El Paraíso;;;;;;;;;;;x
PROV3164;Olancho;Olancho;Olancho;;;;;;;;;;;x
PROV3165;Caratasca;Caratasca;Caratasca;;;;;;;;;;;x
PROV3166;Coco;Coco;Coco;;;;;;;;;;;x
PROV3167;El Desaguadero;El Desaguadero;El Desaguadero;;;;;;;;;;;x
PROV3168;Karatá;Karatá;Karatá;;;;;;;;;;;x
PROV3169;Bluefields;Bluefields;Bluefields;;;;;;;;;;;x
PROV3170;Chontales;Chontales;Chontales;;;;;;;;;;;x
PROV3171;Jinotega;Jinotega;Jinotega;;;;;;;;;;;x
PROV3172;San Andrés;San Andrés;San Andrés;;;;;;;;;;;x
PROV3173;Cayman;Cayman;Cayman;;;;;;;;;;;x
PROV3174;Dzilam;Dzilam;Dzilam;;;;;;;;;;;x
PROV3175;Andros;Andros;Andros;;;;;;;;;;;x
PROV3176;Isla Margarita;Isla Margarita;Isla Margarita;;;;;;;;;;;x
PROV3177;Tobago;Tobago;Tobago;;;;;;;;;;;x
PROV3178;Trinidad;Trinidad;Trinidad;;;;;;;;;;;x
PROV3179;Curaçao;Curaçao;Curaçao;;;;;;;;;;;x
PROV3180;Bonaire;Bonaire;Bonaire;;;;;;;;;;;x
PROV3181;Aruba;Aruba;Aruba;;;;;;;;;;;x
PROV3182;Managua;Managua;Managua;;;;;;;;;;;x
PROV3183;Rivas;Rivas;Rivas;;;;;;;;;;;x
PROV3184;Guanacaste;Guanacaste;Guanacaste;;;;;;;;;;;x
PROV3185;Limón;Limón;Limón;;;;;;;;;;;x
PROV3186;Cartago;Cartago;Cartago;;;;;;;;;;;x
PROV3187;Golfito;Golfito;Golfito;;;;;;;;;;;x
PROV3188;Darién;Darién;Darién;;;;;;;;;;;x
PROV3189;Panamá;Panamá;Panamá;;;;;;;;;;;x
PROV3190;Chiriqui;Chiriqui;Chiriqui;;;;;;;;;;;x
PROV3191;Guna Yala;Guna Yala;Guna Yala;;;;;;;;;;;x
PROV3192;Bocas del Toro;Bocas del Toro;Bocas del Toro;;;;;;;;;;;x
PROV3193;Veraguas;Veraguas;Veraguas;;;;;;;;;;;x
PROV3194;Quibdó;Quibdó;Quibdó;;;;;;;;;;;x
PROV3195;Cali;Cali;Cali;;;;;;;;;;;x
PROV3196;Buenaventura;Buenaventura;Buenaventura;;;;;;;;;;;x
PROV3197;Bogotá;Bogotá;Bogotá;;;;;;;;;;;x
PROV3198;Tunja;Tunja;Tunja;;;;;;;;;;;x
PROV3199;Sogamoso;Sogamoso;Sogamoso;;;;;;;;;;;x
PROV3200;Bucaramanga;Bucaramanga;Bucaramanga;;;;;;;;;;;x
PROV3201;Táchira;Táchira;Táchira;;;;;;;;;;;x
PROV3202;Barrancabermeja;Barrancabermeja;Barrancabermeja;;;;;;;;;;;x
PROV3203;Aburrá;Aburrá;Aburrá;;;;;;;;;;;x
PROV3204;Aguachica;Aguachica;Aguachica;;;;;;;;;;;x
PROV3205;La Dorada;La Dorada;La Dorada;;;;;;;;;;;x
PROV3206;Valledupar;Valledupar;Valledupar;;;;;;;;;;;x
PROV3207;Machiques;Machiques;Machiques;;;;;;;;;;;x
PROV3208;Catatumbo;Catatumbo;Catatumbo;;;;;;;;;;;x
PROV3209;Maracaibo;Maracaibo;Maracaibo;;;;;;;;;;;x
PROV3210;Uribia;Uribia;Uribia;;;;;;;;;;;x
PROV3211;Riohacha;Riohacha;Riohacha;;;;;;;;;;;x
PROV3212;Atlantico;Atlantico;Atlantico;;;;;;;;;;;x
PROV3213;Santa Marta;Santa Marta;Santa Marta;;;;;;;;;;;x
PROV3214;Magdalena Sur;Magdalena Sur;Magdalena Sur;;;;;;;;;;;x
PROV3215;Cartagena;Cartagena;Cartagena;;;;;;;;;;;x
PROV3216;Sucre;Sucre;Sucre;;;;;;;;;;;x
PROV3217;Mompósina;Mompósina;Mompósina;;;;;;;;;;;x
PROV3218;Montería;Montería;Montería;;;;;;;;;;;x
PROV3219;Urabá;Urabá;Urabá;;;;;;;;;;;x
PROV3220;Yolombó;Yolombó;Yolombó;;;;;;;;;;;x
PROV3221;Bajo Cauca;Bajo Cauca;Bajo Cauca;;;;;;;;;;;x
PROV3222;Sabanalarga;Sabanalarga;Sabanalarga;;;;;;;;;;;x
PROV3223;Ibagué;Ibagué;Ibagué;;;;;;;;;;;x
PROV3224;Quindío;Quindío;Quindío;;;;;;;;;;;x
PROV3225;Risaralda;Risaralda;Risaralda;;;;;;;;;;;x
PROV3226;Paraguaná;Paraguaná;Paraguaná;;;;;;;;;;;x
PROV3227;Coro;Coro;Coro;;;;;;;;;;;x
PROV3228;Trujillo;Trujillo;Trujillo;;;;;;;;;;;x
PROV3229;Dabajuro;Dabajuro;Dabajuro;;;;;;;;;;;x
PROV3230;Cabimas;Cabimas;Cabimas;;;;;;;;;;;x
PROV3231;Baralt;Baralt;Baralt;;;;;;;;;;;x
PROV3232;Yaracuy;Yaracuy;Yaracuy;;;;;;;;;;;x
PROV3233;Barquisimeto;Barquisimeto;Barquisimeto;;;;;;;;;;;x
PROV3234;Tocuyo;Tocuyo;Tocuyo;;;;;;;;;;;x
PROV3235;Carabobo;Carabobo;Carabobo;;;;;;;;;;;x
PROV3236;Aragua;Aragua;Aragua;;;;;;;;;;;x
PROV3237;Caracas;Caracas;Caracas;;;;;;;;;;;x
PROV3238;Barcelona;Barcelona;Barcelona;;;;;;;;;;;x
PROV3239;Carúpano;Carúpano;Carúpano;;;;;;;;;;;x
PROV3240;Cumaná;Cumaná;Cumaná;;;;;;;;;;;x
PROV3241;Maturín;Maturín;Maturín;;;;;;;;;;;x
PROV3242;Tucupita;Tucupita;Tucupita;;;;;;;;;;;x
PROV3243;Antonio Díaz;Antonio Díaz;Antonio Díaz;;;;;;;;;;;x
PROV3244;Ciudad Guayana;Ciudad Guayana;Ciudad Guayana;;;;;;;;;;;x
PROV3245;Ciudad Bolívar;Ciudad Bolívar;Ciudad Bolívar;;;;;;;;;;;x
PROV3246;Cedeño;Cedeño;Cedeño;;;;;;;;;;;x
PROV3247;Maripa;Maripa;Maripa;;;;;;;;;;;x
PROV3248;Sifontes;Sifontes;Sifontes;;;;;;;;;;;x
PROV3249;Roscio;Roscio;Roscio;;;;;;;;;;;x
PROV3250;Piar;Piar;Piar;;;;;;;;;;;x
PROV3251;Raúl Leoni;Raúl Leoni;Raúl Leoni;;;;;;;;;;;x
PROV3252;Libertador;Libertador;Libertador;;;;;;;;;;;x
PROV3253;El Tigre;El Tigre;El Tigre;;;;;;;;;;;x
PROV3254;Leonardo Infante;Leonardo Infante;Leonardo Infante;;;;;;;;;;;x
PROV3255;Las Mercedes;Las Mercedes;Las Mercedes;;;;;;;;;;;x
PROV3256;Pedro Zaraza;Pedro Zaraza;Pedro Zaraza;;;;;;;;;;;x
PROV3257;Calabozo;Calabozo;Calabozo;;;;;;;;;;;x
PROV3258;Cojedes;Cojedes;Cojedes;;;;;;;;;;;x
PROV3259;Guanare;Guanare;Guanare;;;;;;;;;;;x
PROV3260;Arismendi;Arismendi;Arismendi;;;;;;;;;;;x
PROV3261;Barinas;Barinas;Barinas;;;;;;;;;;;x
PROV3262;Apure;Apure;Apure;;;;;;;;;;;x
PROV3263;Arauca;Arauca;Arauca;;;;;;;;;;;x
PROV3264;Vichada;Vichada;Vichada;;;;;;;;;;;x
PROV3265;Meta;Meta;Meta;;;;;;;;;;;x
PROV3266;Huila;Huila;Huila;;;;;;;;;;;x
PROV3267;Barima;Barima;Barima;;;;;;;;;;;x
PROV3268;Mazaruni;Mazaruni;Mazaruni;;;;;;;;;;;x
PROV3269;Pomeroon;Pomeroon;Pomeroon;;;;;;;;;;;x
PROV3270;Georgetown;Georgetown;Georgetown;;;;;;;;;;;x
PROV3271;New Amsterdam;New Amsterdam;New Amsterdam;;;;;;;;;;;x
PROV3272;Essequibo;Essequibo;Essequibo;;;;;;;;;;;x
PROV3273;Paramaribo;Paramaribo;Paramaribo;;;;;;;;;;;x
PROV3274;Saramacca;Saramacca;Saramacca;;;;;;;;;;;x
PROV3275;Sipaliwini;Sipaliwini;Sipaliwini;;;;;;;;;;;x
PROV3276;Marowijne;Marowijne;Marowijne;;;;;;;;;;;x
PROV3277;Brokopondo;Brokopondo;Brokopondo;;;;;;;;;;;x
PROV3278;Saint-Laurent-du-Maroni;Saint-Laurent-du-Maroni;Saint-Laurent-du-Maroni;;;;;;;;;;;x
PROV3279;Inini;Inini;Inini;;;;;;;;;;;x
PROV3280;Cayenne;Cayenne;Cayenne;;;;;;;;;;;x
PROV3281;Alajuela;Alajuela;Alajuela;;;;;;;;;;;x
PROV3282;Sierra Mérida;Sierra Mérida;Sierra Mérida;;;;;;;;;;;x
PROV3283;Cúcuta;Cúcuta;Cúcuta;;;;;;;;;;;x
PROV3284;Casanare;Casanare;Casanare;;;;;;;;;;;x
PROV3285;Atrato;Atrato;Atrato;;;;;;;;;;;x
PROV3286;Zipaquirá;Zipaquirá;Zipaquirá;;;;;;;;;;;x
PROV3287;Azuero;Azuero;Azuero;;;;;;;;;;;x
PROV3288;Coclé;Coclé;Coclé;;;;;;;;;;;x
PROV3289;Vélez;Vélez;Vélez;;;;;;;;;;;x
PROV3290;Manizales;Manizales;Manizales;;;;;;;;;;;x
PROV3291;Juan Germán Roscio;Juan Germán Roscio;Juan Germán Roscio;;;;;;;;;;;x
PROV3292;Las Puertas;Las Puertas;Las Puertas;;;;;;;;;;;x
PROV3293;Las Perlas;Las Perlas;Las Perlas;;;;;;;;;;;x
PROV3294;Coiba;Coiba;Coiba;;;;;;;;;;;x
