province;red;green;blue;x;x
1;225;214;172;Long Island;x
2;179;162;67;Brooklyn;x
3;231;208;118;Manhattan;x
4;172;166;130;Palisades;x
5;169;149;38;Newburgh;x
6;127;122;95;Poughkeepsie;x
7;174;158;71;Woodstock;x
8;174;167;131;Hudson;x
9;92;79;4;Troy;x
10;97;92;67;Albany;x
11;150;131;28;Black River;x
12;219;189;25;Saratoga Springs;x
13;193;170;44;Johnstown;x
14;130;126;104;Syracuse;x
15;210;202;155;Oswego;x
16;112;98;22;Rochester;x
17;147;127;19;Buffalo;x
18;203;84;37;Shawangunk;x
19;215;128;94;Otsego;x
20;177;78;39;Schoharie;x
21;174;55;8;Cortland;x
22;162;79;46;Kittatinny;x
23;225;64;0;Trenton;x
24;184;62;14;Monmouth;x
25;241;113;63;Jersey Shore;x
26;172;101;74;South Jersey;x
27;203;90;46;Philadelphia;x
28;3;118;46;Chautauqua;x
29;38;145;78;Genesee;x
30;2;100;39;Canandaigua;x
31;4;149;58;Canacdea;x
32;24;176;17;Seneca;x
33;2;69;27;Chemung;x
34;5;218;85;Tripolis;x
35;2;101;40;Watertown;x
36;4;155;61;Raquette;x
37;3;93;50;Big Moose;x
38;201;15;177;Petonbowk;x
39;178;80;162;Ticonderoga;x
40;144;18;127;Chepontuc;x
41;210;57;27;Bennington;x
42;210;109;89;Rutland;x
43;144;39;19;Montpelier;x
44;173;47;22;Burlington;x
45;210;132;117;Newport;x
46;157;222;0;Quinnipiac;x
47;121;172;0;Hartford;x
48;101;144;0;Norwich;x
49;99;141;0;Pocono;x
50;200;222;147;Lehigh;x
51;35;49;0;Schuylkill;x
52;169;222;43;Baltimore;x
53;183;222;90;Wilmington;x
54;73;103;0;Dover;x
55;184;245;37;Choptank;x
56;144;92;157;Pocomoke;x
57;150;122;157;Severn;x
58;99;63;201;Providence;x
59;134;109;201;Quiet Corner;x
60;81;51;164;Berkshires;x
61;158;143;201;Pioneer Valley;x
62;77;48;156;Worcester;x
63;144;144;161;Washington;x
64;169;169;190;Frederick;x
65;91;91;102;Cumberland;x
66;120;120;135;Shenandoah;x
67;98;98;111;Rappahannock;x
68;184;184;207;Plymouth;x
69;92;92;102;Boston;x
70;123;123;139;Merrimack;x
71;159;159;178;Monadnock;x
72;63;63;71;Concord;x
73;130;100;60;Three Necks;x
74;130;86;27;Hampton Roads;x
75;88;68;41;James;x
76;130;111;85;Charlottesville;x
77;111;85;52;Emporia;x
78;190;146;88;Lynchburg;x
79;93;66;29;Danville;x
80;170;118;49;Roanoke;x
81;130;119;105;Bluefield;x
82;99;65;20;New River;x
83;196;0;0;Susquehanna;x
84;180;0;0;Rothrock;x
85;234;79;62;Williamsport;x
86;215;38;38;Upper Allegheny;x
87;191;97;97;Moshannon;x
88;183;76;76;Yohogania;x
89;181;33;33;Laurel Highlands;x
90;143;5;5;Lower Allegheny;x
91;225;68;68;Erie;x
92;210;77;77;Wheeling;x
93;82;63;37;Bull Run;x
94;53;213;20;Monongalia;x
95;43;173;16;Kanawha;x
96;127;213;109;Tug Fork;x
97;234;229;95;Jefferson Forest;x
98;204;194;11;Galax;x
99;234;232;179;Unifour;x
100;210;204;51;Land-of-Sky;x
101;35;170;170;Ashtabula;x
102;25;122;122;Cuyahoga;x
103;13;150;150;Akron;x
104;65;201;201;Mahoning;x
105;34;163;163;Muskingum;x
106;91;91;91;Susquehannock;x
107;62;62;60;Pottsville;x
108;250;110;0;Toledo;x
109;215;100;0;Black Swamp;x
110;196;89;0;Licking;x
111;255;150;74;Columbus;x
112;255;116;0;Chillicothe;x
113;255;105;196;Maumee;x
114;224;45;154;Marion;x
115;232;155;202;Lima;x
116;255;51;175;Scioto;x
117;215;57;153;Dayton;x
118;123;141;155;Detroit;x
119;106;177;139;Washtenaw;x
120;100;190;115;Fort Wayne;x
121;221;178;139;Cincinnati;x
122;220;180;140;Covington;x
123;180;220;140;White Mountain;x
124;160;195;125;Coos;x
125;200;230;145;Mahoosuc;x
126;140;220;60;Belknap Lakes;x
127;120;165;75;Southern Maine;x
128;173;212;135;Kennebec;x
129;241;241;75;Currituck;x
130;217;217;68;Albemarle-Hatteras;x
131;255;255;64;Carteret;x
132;123;92;173;Lejeune;x
133;90;50;170;Greenville;x
134;94;46;173;Chowan;x
135;74;48;116;Cape Fear;x
136;101;49;186;Cheraw;x
137;94;46;150;Fayetteville;x
138;10;150;0;Roanoke Rapids;x
139;0;130;0;Raleigh;x
140;0;140;0;Durham;x
141;11;235;255;Chapel Hill;x
142;0;222;245;Catawba;x
143;10;211;230;Metrolina;x
144;10;234;255;Piedmont-Triad;x
145;255;10;128;Holston;x
146;255;1;128;Nantahala;x
147;207;0;103;Keowee;x
148;83;148;143;Chattahoochee;x
149;68;123;119;Atlanta;x
150;54;97;94;Athens;x
151;140;170;0;Knox;x
152;126;153;0;Upcountry;x
153;165;196;20;Wateree;x
154;175;204;41;Congaree;x
155;147;178;0;Greenwood;x
156;175;145;91;Chattanooga;x
157;175;145;90;Augusta;x
158;80;66;41;Savannah;x
159;64;48;21;Ogeechee;x
160;89;74;46;Salkehatchie;x
161;144;176;73;Saluda;x
162;86;108;37;Edisto;x
163;95;116;48;Beaufort;x
164;72;88;36;Charleston;x
165;100;116;48;Grand Strand;x
166;102;128;55;Pee Dee;x
167;253;224;63;Greensburg;x
168;140;65;155;Southold;x
169;156;83;170;Gary;x
170;123;57;140;Chicago;x
171;253;179;0;Port Huron;x
172;245;195;49;Flint;x
173;204;144;0;The Thumb;x
174;237;150;0;Saginaw;x
175;215;168;53;Tawas;x
176;196;128;255;St. Joseph;x
177;118;77;153;Lansing;x
178;186;108;215;Jacksonopolis;x
179;159;98;204;Kalamazoo;x
180;125;128;11;Holland;x
181;147;150;0;Grand River;x
182;168;168;0;Mount Pleasant;x
183;59;37;76;Urbana;x
184;151;24;108;Manistee;x
185;159;41;119;Cadillac;x
186;179;63;140;Traverse;x
187;163;167;147;Michilimackinac;x
188;149;153;130;Alpena;x
189;199;204;180;Roscommon;x
190;105;88;0;Three Mile Island;x
191;102;255;98;Culpeper;x
192;60;77;78;Bangor;x
193;39;58;59;Mount Desert;x
194;78;101;102;Machias;x
195;4;191;162;Mattawamkeag;x
196;20;166;143;Penobscot;x
197;5;218;185;Skowhegan;x
198;187;121;0;Caribou;x
199;255;164;0;Moosehead;x
200;255;190;59;Katahdin;x
201;196;133;20;Allagash;x
202;242;156;10;St John Valley;x
203;173;220;220;Oconee;x
204;152;194;194;Deepstep;x
205;185;233;233;Ocmulgee;x
206;77;50;57;Hinesville;x
207;102;66;76;Golden Isles;x
208;64;35;43;Dublin;x
209;35;35;82;Decorah;x
210;52;52;65;Dubuque;x
211;35;35;44;Scott;x
212;65;65;136;Cedar;x
213;45;45;133;Shoquoquon;x
214;144;187;178;Cuivre;x
215;122;159;151;Hannibal;x
216;163;204;195;Boone;x
217;51;128;94;Shawano;x
218;19;76;51;Wausau;x
219;31;102;71;Nicolet;x
220;15;111;69;Hodagland;x
221;30;99;69;Eau claire;x
222;52;130;96;Chequamegon;x
223;20;76;51;Bad River;x
224;215;204;177;Duluth;x
225;230;213;172;St Croix;x
226;235;224;199;Willow;x
227;194;185;163;Chetek;x
228;178;156;78;Matamoros;x
229;204;181;102;San Fernando;x
230;198;173;87;Falcon;x
231;224;199;112;Laredo;x
232;0;96;62;White;x
233;8;79;54;Chicot;x
234;6;128;85;Pine Bluff;x
235;0;96;61;Smackover;x
236;8;79;53;Millwood;x
237;6;125;83;Little Mo;x
238;181;229;129;Crowley;x
239;169;209;125;Bald Knob;x
240;183;229;129;Little Rock;x
241;162;222;98;Spring;x
242;181;229;127;Sams Throne;x
243;206;245;164;Dardanelle;x
244;169;206;125;Fort Smith;x
245;203;201;1;Fay;x
246;168;167;7;Joplin;x
247;217;215;33;Springfield;x
248;168;167;3;Meramec;x
249;203;201;4;Osage;x
250;217;215;35;Moks;x
251;168;167;8;Saline;x
252;178;105;27;Bluffwoods;x
253;191;117;39;Nodaway;x
254;219;134;44;Paho;x
255;191;117;38;Thompson;x
256;153;86;15;Ottumwa;x
257;145;79;14;North Shore;x
258;171;102;34;Kabetogama;x
259;128;65;4;Mesabi;x
260;145;79;13;Pokegama;x
261;171;103;34;Mille Lacs;x
262;128;65;3;Anoka;x
263;175;103;34;Twin Cities;x
264;145;79;10;Cannon;x
265;175;100;34;Roch;x
266;213;0;193;Totouskak;x
267;178;18;164;Saguenay;x
268;242;48;224;Saint-Jean;x
269;178;18;163;Saint-Maurice;x
270;242;48;223;Taureau;x
271;213;1;193;Matawinia;x
272;255;255;234;Haute-Labelle;x
273;204;204;124;Bas-Labelle;x
274;255;255;215;Papineau;x
275;222;222;173;Hull;x
276;191;191;117;Haute-Gatineau;x
277;255;255;237;Pontiac;x
278;6;155;60;South Nipissing;x
279;16;176;75;Renfrew;x
280;5;155;60;Rideau;x
281;9;130;53;Bancroft;x
282;16;176;74;Kawartha;x
283;45;194;99;Haliburton;x
284;1;180;227;Sudbury;x
285;18;206;255;North Nipissing;x
286;119;213;237;Parry Sound;x
287;0;180;227;Muskoka;x
288;149;24;108;Batchawana;x
289;201;9;135;Bawating;x
290;152;24;108;Manitoulin;x
291;201;8;135;Timiskaming;x
292;128;38;97;Blind River;x
293;227;54;168;Ivanhoe;x
294;178;37;124;Freeborn;x
295;237;22;157;Prairie Rapids;x
296;201;19;133;Des Moines;x
297;247;99;192;Fort Dodge;x
298;178;34;124;Icaria;x
299;237;21;157;Kanesville;x
300;41;75;164;Titus;x
301;13;44;128;Grayson;x
302;41;75;168;Wichita Falls;x
303;13;44;125;Childress;x
304;82;115;204;Possum;x
305;13;44;127;Brownwood;x
306;41;75;163;Abilene;x
307;164;153;204;Concho;x
308;229;223;247;Petroplex;x
309;214;205;244;Crockett;x
310;185;172;230;Pecos;x
311;231;225;250;Big Bend;x
312;212;204;242;Livermore;x
313;185;172;231;El Paso;x
314;255;88;85;Dal Paso;x
315;247;126;124;Hobbs;x
316;217;46;43;Lubbock;x
317;252;87;84;Plainview;x
318;222;47;41;Amarillo;x
319;21;212;168;Kicpahat;x
320;15;153;123;Foss;x
321;5;178;140;Salt Fork;x
322;21;212;169;Fort Sill;x
323;103;86;48;Skeleton;x
324;26;23;13;Niukonska;x
325;38;32;13;Oklahoma;x
326;64;54;29;Tallasi;x
327;102;86;48;McAlester;x
328;26;22;13;Kiamichi;x
329;64;54;30;Bryan;x
330;240;240;191;Lakehead;x
331;207;206;163;Nipigon;x
332;222;222;170;Schreiber;x
333;240;240;192;Pic;x
334;222;222;172;Michipicoten;x
335;204;204;163;Nagagamisis;x
336;249;251;66;White sands;x
337;252;243;139;Socorro;x
338;230;215;59;Sandia;x
339;252;241;139;Santa Fe;x
340;249;241;66;Tucumcari;x
341;230;215;60;Groom;x
342;215;211;217;Laverne;x
343;236;238;210;Panhandle;x
344;236;239;210;Topeka;x
345;196;199;204;Independence;x
346;183;189;188;Atchison;x
347;215;213;217;Republic;x
348;183;188;188;Wichita;x
349;173;168;188;Dodge;x
350;215;210;217;Liberal;x
351;184;188;186;Smoky Hill;x
352;251;249;228;Hays;x
353;249;251;228;Omaha;x
354;180;190;188;Norfolk;x
355;215;216;217;Niobrara;x
356;173;161;188;Grand Island;x
357;251;250;222;Kearny;x
358;180;189;188;Outback;x
359;173;161;187;Pine Ridge;x
360;251;251;222;Wildcat;x
361;218;212;211;McConaughy;x
362;175;162;185;Republican;x
363;253;250;222;Floyd;x
364;180;199;188;Rock;x
365;35;252;249;Coteau;x
366;9;205;202;Blue Earth;x
367;18;178;176;Rush;x
368;65;217;214;Sauk;x
369;18;178;174;Cuyuna;x
370;9;205;199;Otter Tail-Pelican;x
371;35;253;249;Bemidji;x
372;66;217;214;Becker;x
373;18;178;175;Roseau;x
374;206;214;169;Sisseton;x
375;145;153;103;Minnehaha;x
376;165;173;124;Yankton;x
377;135;142;111;Crow Creek;x
378;149;161;101;Cheyenne River;x
379;196;200;152;Walworth;x
380;165;173;119;Lyman;x
381;145;153;101;Rosebud;x
382;196;204;161;Porcupine;x
383;138;140;111;Rushmore;x
384;149;150;101;Black Hills;x
385;196;204;152;Sihasapa;x
386;178;18;112;Larimer;x
387;217;69;159;Boulder;x
388;194;93;155;Weld;x
389;178;18;111;Denver;x
390;203;34;138;South Platte;x
391;194;92;155;Pikes Peak;x
392;201;34;139;Arp;x
393;217;65;159;Peketon;x
394;178;18;119;Pueblo;x
395;217;61;159;Huerfano;x
396;201;34;138;Raton;x
397;178;13;113;Alamosa;x
398;217;63;159;Taos;x
399;68;146;74;Grand Forks;x
400;100;178;106;Fargo;x
401;38;128;45;Spirit Lake;x
402;68;146;79;Minot;x
403;101;178;106;Bismarck;x
404;68;141;75;Mandan;x
405;38;130;45;Fort Berthold;x
406;109;178;108;West Turtle Mountain;x
407;60;107;64;McKenzie;x
408;111;44;224;Crownpoint;x
409;88;12;199;Shiprock;x
410;117;44;224;Tuba;x
411;133;51;220;Chinle;x
412;144;98;196;Fort Defiance;x
413;88;11;199;Hopituskwa;x
414;144;99;196;Jicarilla;x
415;132;51;220;Shiwinnagin;x
416;88;10;200;Acoma;x
417;112;42;222;Mogollon;x
418;111;45;222;Yuma;x
419;132;52;220;Two Sun;x
420;147;98;199;Sierra Vista;x
421;132;50;220;Luna;x
422;89;12;200;Hidalgo;x
423;133;44;222;Los Alamos;x
424;163;194;6;Mesa;x
425;194;227;25;Gunnison;x
426;198;232;26;Mesa Verde;x
427;225;253;86;Mineral Belt;x
428;195;225;25;Yampa;x
429;213;235;91;Bear River;x
430;196;226;26;Salt Lake;x
431;153;176;20;Provo;x
432;153;174;25;Bonneville;x
433;183;196;98;Uintah;x
434;225;252;86;Canyonlands;x
435;247;123;123;Fishlake;x
436;252;77;74;Zion;x
437;247;123;121;Grand Staircase;x
438;207;28;25;Manti-La Sal;x
439;252;77;75;Phoenix;x
440;207;29;25;Flagstaff;x
441;247;124;121;Gila;x
442;247;121;118;Ahwe Nyava;x
443;76;174;202;Bridger;x
444;76;144;164;Summit;x
445;86;128;160;Flaming Gorge;x
446;86;207;233;Sublette;x
447;101;179;233;Teton;x
448;55;111;150;Yellowstone;x
449;89;184;238;Stillwater;x
450;84;143;184;Bingham;x
451;38;127;189;Idaho Falls;x
452;21;171;189;Bannock;x
453;38;113;135;Shoshone Falls;x
454;47;144;184;Wind River;x
455;56;192;255;Big Horn;x
456;23;138;66;Elmore;x
457;40;239;114;Owyhee;x
458;7;112;32;Duck Valley;x
459;88;148;110;Cassia;x
460;0;101;52;Gem Canyon;x
461;38;255;171;Salmon River;x
462;26;169;80;Baker;x
463;41;120;74;Nez Perce;x
464;84;246;153;Silver Valley;x
465;20;173;67;Coeur d'Alene;x
466;32;229;199;Flathead;x
467;48;229;116;Bitterroot Valley;x
468;66;155;139;Lemhi;x
469;30;199;165;Beaverhead;x
470;47;158;91;Granite;x
471;5;173;132;Broadwater;x
472;79;221;186;Meagher;x
473;65;207;109;Salt Flats;x
474;23;89;223;Carbon;x
475;71;101;177;Medicine Bow;x
476;94;141;235;Wheatland;x
477;27;56;115;Thunder Basin;x
478;10;71;210;Natrona;x
479;54;131;237;Campbell;x
480;14;73;154;Crow;x
481;66;100;142;Powder River;x
482;8;88;163;Fallon Prairie;x
483;66;124;255;McCone;x
484;0;66;133;Garfield;x
485;0;137;208;Bowdoin Valley;x
486;44;93;205;Fort Peck;x
487;53;145;216;Treasure;x
488;27;166;231;Fergus;x
489;37;97;217;Belknap;x
490;7;82;139;Marias;x
491;93;200;235;Great Falls;x
492;80;135;225;Freezeout;x
493;13;102;249;Pondera;x
494;19;64;209;Milk River;x
495;13;163;249;Medicine Hat;x
496;45;150;162;Warner;x
497;24;209;231;Pincher Creek;x
498;180;101;48;Vulcan;x
499;180;66;30;Foothills;x
500;232;110;50;Banff;x
501;232;80;20;Koocanusa;x
502;209;123;27;Kootenay;x
503;211;92;19;Priest Lake;x
504;240;126;14;Pend Oreille;x
505;255;97;0;Spokane Valley;x
506;255;132;47;Colville;x
507;201;69;9;Douglas;x
508;213;135;25;Grant;x
509;226;87;23;Adams;x
510;172;38;5;Whitman;x
511;255;121;11;Franklin;x
512;205;78;5;Yakama;x
513;231;119;0;Kittitas;x
514;189;102;24;Klickitat;x
515;227;131;18;Wallawalla;x
516;211;109;30;Umatilla;x
517;247;112;12;Columbia Gorge;x
518;211;124;90;Josephine;x
519;211;52;90;Rogue Valley;x
520;255;108;136;Klamath Falls;x
521;253;149;255;Crater;x
522;255;127;111;Hart Mountain;x
523;249;168;255;Malheur;x
524;255;151;118;Harney;x
525;197;110;242;Ochoco;x
526;255;168;173;Deschutes;x
527;216;167;255;Coos Bay;x
528;249;108;210;Umpqua;x
529;255;149;150;Lane;x
530;195;59;175;Siuslaw;x
531;235;140;208;Santiam;x
532;255;179;177;Tillamook;x
533;192;117;228;Caltsop;x
534;161;79;164;Portland;x
535;197;37;121;Mount Hood;x
536;123;65;219;Clark;x
537;132;39;145;Willapa Bay;x
538;251;136;200;Quinault;x
539;241;114;114;Cape Alava;x
540;188;72;109;Kitsap;x
541;255;84;100;Capitol;x
542;220;138;218;Rainier;x
543;227;122;119;Seattle;x
544;254;126;212;Snohomish;x
545;247;106;0;Okanogan;x
546;200;38;38;Camano;x
547;165;34;0;Bellingham Bay;x
548;204;74;62;Vancouver;x
549;194;75;127;San Juan Islands;x
550;171;92;84;Saanich;x
551;170;103;15;Fjordland;x
552;245;54;0;Carmanah;x
553;255;131;118;Alberni;x
554;221;24;0;Clayoquot;x
555;157;87;9;Nanaimo;x
556;159;11;0;Comox;x
557;252;103;0;Elk Falls;x
558;255;163;28;Klinaklini;x
559;181;83;55;Discovery Islands;x
560;242;105;127;Powell;x
561;213;103;46;Sea-to-Sky;x
562;255;170;33;Sunshine Coast;x
563;137;209;43;Bella Coola;x
564;199;82;174;Harrison;x
565;184;138;184;Beyond Hope;x
566;249;154;195;Kamloops;x
567;154;67;82;Cariboo;x
568;122;92;122;Itcha Ilgachuz;x
569;148;191;0;Shuswap;x
570;198;46;5;Kelowna;x
571;214;132;0;Arrowhead;x
572;169;24;58;Kinbasket;x
573;255;254;203;Newell;x
574;211;224;116;Saskatoon;x
575;188;193;77;Piapot;x
576;213;182;0;Javia;x
577;166;142;0;Mcdonald;x
578;151;161;0;Kenosee;x
579;111;121;0;Muskowekwan;x
580;212;172;0;Ochapowace;x
581;106;134;21;Dauphin;x
582;167;198;12;Assiniboine;x
583;147;139;45;Interlake;x
584;220;195;14;Winnipeg;x
585;134;166;35;Atikaki;x
586;112;134;54;Lac Seul;x
587;160;191;15;Quetico;x
588;190;159;58;Wabakimi;x
589;234;173;73;Madeleine;x
590;112;179;100;Mingan;x
591;115;94;124;Nipissis;x
592;85;73;134;Manitou;x
593;203;158;249;Anticosti;x
594;118;176;197;Natashquan;x
595;149;85;179;Sept-Iles;x
596;15;94;164;Haute Cote-Nord;x
597;128;118;219;Outardes;x
598;91;152;219;Manicouagan;x
599;191;149;197;Onatchiway;x
600;194;255;225;Arctic Territory;x
601;194;188;185;Bermuda;x
602;255;231;255;Appalachian Mountains;x
603;194;255;185;Sierra Madre Occidental;x
604;237;155;255;Sierra Madre Oriental;x
605;237;255;213;Sierra Madre del Sur;x
606;255;197;191;Sierra Madre de Chiapas;x
607;182;231;249;Southern Rocky Mountains;x
608;194;149;200;Isla Socorro;x
609;164;176;243;Isla Guadalupe;x
610;191;173;112;Sable Island;x
611;225;224;189;Great Basin Desert;x
612;201;249;242;Bitterroot Mountains;x
613;255;176;38;Transverse Mountains;x
614;237;220;248;Wasatch Mountains;x
615;131;14;61;Northern Coast Range;x
616;65;131;44;Mojave Wasteland;x
617;71;45;131;Sierra Nevadas;x
618;192;146;0;The Cascades;x
619;96;44;222;Coast Mountains;x
620;200;189;230;Vancouver Island;x
621;91;170;106;Bighorn Mountains;x
622;206;49;240;Cordillera Central;x
623;43;209;12;Cordillera Occidental;x
624;225;24;21;Cordillera Oriental;x
625;64;140;27;Amazonas;x
626;240;124;67;Cordillera de Merida;x
627;161;209;222;Sierra Nevada de Santa Marta;x
628;149;36;82;Cordillera de Talamanca;x
629;194;115;231;Klamath Mountains;x
630;164;103;237;Columbia Mountains;x
631;112;197;234;Interior Plateau;x
632;161;243;58;Kipawa;x
633;240;213;216;Coucoucache;x
634;231;200;152;Labrador;x
635;155;209;228;Caymans;x
636;255;112;76;Sierra Nevada;x
637;84;207;146;Peru;x
638;126;210;19;Brazil;x
639;103;137;179;Pedraza;x
640;146;88;203;Araure;x
641;146;49;155;Yopal;x
642;140;176;52;Cumaribo;x
643;182;97;103;Ariari;x
644;149;97;152;Autana;x
645;109;155;46;Capanaparo;x
646;179;39;152;Paez;x
647;131;94;234;Anaco;x
648;64;112;155;Miranda;x
649;85;173;118;Orituco;x
650;36;176;240;Carora;x
651;73;203;176;Guaviare;x
652;161;121;67;Tulua;x
653;112;197;143;Saldana;x
654;30;115;234;Caqueza;x
655;0;48;155;Oriente Antioqueno;x
656;203;79;203;Paramillo;x
657;84;54;156;Olympic Mountains;x
658;126;57;29;Cocos Island;x
659;168;60;157;Waskaganish;x
660;0;63;30;Moosonee;x
661;42;66;158;Kashechewan;x
662;84;69;31;Kapuskasing;x
663;126;72;159;Wuskwi Sipihk;x
664;168;75;32;Arctic Territory;x
665;0;78;160;Cochrane;x
666;42;81;33;Little Abitibi;x
667;58;167;88;Gran Sabana;x
668;49;85;121;Popayan;x
669;168;90;162;Guyana Highlands;x
670;0;93;35;Canaima;x
671;42;96;163;Raposa Serra do Sol;x
672;84;99;36;Boa Vista;x
673;126;102;164;Amajari;x
674;168;105;37;Bonfim;x
675;1;158;165;Takutu;x
676;42;111;38;Brazil;x
677;84;114;166;Selva Virgen;x
678;209;200;161;Texcoco;x
679;237;206;115;Nye Pass;x
680;197;209;237;Death Valley;x
681;206;103;70;Rivers Inlet;x
682;179;64;134;Prince George;x
683;121;173;137;Fraser Valley;x
684;88;209;209;Yellowhead;x
685;219;128;112;Kitimat;x
686;209;158;115;Similkameen;x
687;84;144;171;DUMMY687;x
688;126;147;44;DUMMY688;x
689;168;150;172;DUMMY689;x
690;0;153;45;DUMMY690;x
691;42;156;173;DUMMY691;x
692;84;159;46;DUMMY692;x
693;126;162;174;DUMMY693;x
694;168;165;47;DUMMY694;x
695;0;168;175;DUMMY695;x
696;42;171;48;DUMMY696;x
697;84;174;176;DUMMY697;x
698;126;177;49;DUMMY698;x
699;168;180;177;DUMMY699;x
700;0;183;50;DUMMY700;x
701;42;186;178;DUMMY701;x
702;84;189;51;DUMMY702;x
703;126;192;179;DUMMY703;x
704;168;195;52;DUMMY704;x
705;0;198;180;DUMMY705;x
706;42;201;53;DUMMY706;x
707;84;204;181;DUMMY707;x
708;126;207;54;DUMMY708;x
709;168;210;182;DUMMY709;x
710;0;0;55;DUMMY710;x
711;42;3;183;DUMMY711;x
712;84;6;56;DUMMY712;x
713;126;9;184;DUMMY713;x
714;168;12;57;DUMMY714;x
715;0;15;185;DUMMY715;x
716;42;18;58;DUMMY716;x
717;84;21;186;DUMMY717;x
718;126;24;59;DUMMY718;x
719;168;27;187;DUMMY719;x
720;0;30;60;DUMMY720;x
721;42;33;188;DUMMY721;x
722;84;36;61;DUMMY722;x
723;126;39;189;DUMMY723;x
724;168;42;62;DUMMY724;x
725;0;45;190;DUMMY725;x
726;42;48;63;DUMMY726;x
727;84;51;191;DUMMY727;x
728;126;54;64;DUMMY728;x
729;168;57;192;DUMMY729;x
730;0;60;65;DUMMY730;x
731;42;63;193;DUMMY731;x
732;84;66;66;DUMMY732;x
733;126;69;194;DUMMY733;x
734;168;72;67;DUMMY734;x
735;0;75;195;DUMMY735;x
736;42;78;68;DUMMY736;x
737;84;81;196;DUMMY737;x
738;126;84;69;DUMMY738;x
739;168;87;197;DUMMY739;x
740;0;90;70;DUMMY740;x
741;42;93;198;DUMMY741;x
742;84;96;71;DUMMY742;x
743;126;99;199;DUMMY743;x
744;168;102;72;DUMMY744;x
745;0;105;200;DUMMY745;x
746;42;108;73;DUMMY746;x
747;84;111;201;DUMMY747;x
748;126;114;74;DUMMY748;x
749;168;117;202;DUMMY749;x
750;0;120;75;DUMMY750;x
751;42;123;203;DUMMY751;x
752;84;126;76;DUMMY752;x
753;126;129;204;DUMMY753;x
754;168;132;77;DUMMY754;x
755;0;135;205;DUMMY755;x
756;42;138;78;DUMMY756;x
757;84;141;206;DUMMY757;x
758;126;144;79;DUMMY758;x
759;168;147;207;DUMMY759;x
760;0;150;80;DUMMY760;x
761;42;153;208;DUMMY761;x
762;84;156;81;DUMMY762;x
763;126;159;209;DUMMY763;x
764;168;162;82;DUMMY764;x
765;0;165;210;DUMMY765;x
766;42;168;83;DUMMY766;x
767;84;171;211;DUMMY767;x
768;126;174;84;DUMMY768;x
769;168;177;212;DUMMY769;x
770;0;180;85;DUMMY770;x
771;42;183;213;DUMMY771;x
772;84;186;86;DUMMY772;x
773;126;189;214;DUMMY773;x
774;168;192;87;DUMMY774;x
775;0;195;215;DUMMY775;x
776;42;198;88;DUMMY776;x
777;84;201;216;DUMMY777;x
778;126;204;89;DUMMY778;x
779;168;207;217;DUMMY779;x
780;0;210;90;DUMMY780;x
781;42;0;218;DUMMY781;x
782;84;3;91;DUMMY782;x
783;126;6;219;DUMMY783;x
784;168;9;92;DUMMY784;x
785;0;12;220;DUMMY785;x
786;42;15;93;DUMMY786;x
787;84;18;221;DUMMY787;x
788;126;21;94;DUMMY788;x
789;168;24;222;DUMMY789;x
790;0;27;95;DUMMY790;x
791;42;30;223;DUMMY791;x
792;84;33;96;DUMMY792;x
793;126;36;224;DUMMY793;x
794;168;39;97;DUMMY794;x
795;0;42;225;DUMMY795;x
796;42;45;98;DUMMY796;x
797;84;48;226;DUMMY797;x
798;126;51;99;DUMMY798;x
799;168;54;227;DUMMY799;x
800;0;57;0;DUMMY800;x
801;42;60;128;DUMMY801;x
802;84;63;1;DUMMY802;x
803;126;66;129;DUMMY803;x
804;168;69;2;DUMMY804;x
805;0;72;130;DUMMY805;x
806;42;75;3;DUMMY806;x
807;84;78;131;DUMMY807;x
808;126;81;4;DUMMY808;x
809;168;84;132;DUMMY809;x
810;0;87;5;DUMMY810;x
811;42;90;133;DUMMY811;x
812;84;93;6;DUMMY812;x
813;126;96;134;DUMMY813;x
814;168;99;7;DUMMY814;x
815;0;102;135;DUMMY815;x
816;42;105;8;DUMMY816;x
817;84;108;136;DUMMY817;x
818;126;111;9;DUMMY818;x
819;168;114;137;DUMMY819;x
820;0;117;10;DUMMY820;x
821;42;120;138;DUMMY821;x
822;84;123;11;DUMMY822;x
823;126;126;139;DUMMY823;x
824;168;129;12;DUMMY824;x
825;0;132;140;DUMMY825;x
826;42;135;13;DUMMY826;x
827;84;138;141;DUMMY827;x
828;126;141;14;DUMMY828;x
829;168;144;142;DUMMY829;x
830;0;147;15;DUMMY830;x
831;42;150;143;DUMMY831;x
832;84;153;16;DUMMY832;x
833;126;156;144;DUMMY833;x
834;168;159;17;DUMMY834;x
835;0;162;145;DUMMY835;x
836;42;165;18;DUMMY836;x
837;84;168;146;DUMMY837;x
838;126;171;19;DUMMY838;x
839;168;174;147;DUMMY839;x
840;0;177;20;DUMMY840;x
841;42;180;148;DUMMY841;x
842;84;183;21;DUMMY842;x
843;126;186;149;DUMMY843;x
844;168;189;22;DUMMY844;x
845;0;192;150;DUMMY845;x
846;42;195;23;DUMMY846;x
847;84;198;151;DUMMY847;x
848;0;3;225;DUMMY848;x
849;126;201;24;DUMMY849;x
850;168;96;42;DUMMY850;x
851;84;9;226;DUMMY851;x
852;85;84;11;DUMMY852;x
853;127;87;139;DUMMY853;x
854;169;90;12;DUMMY854;x
855;126;135;84;DUMMY855;x
856;168;138;212;DUMMY856;x
857;0;141;85;DUMMY857;x
858;42;144;213;DUMMY858;x
859;84;147;86;DUMMY859;x
860;126;150;214;DUMMY860;x
861;168;153;87;DUMMY861;x
862;0;156;215;DUMMY862;x
863;42;159;88;DUMMY863;x
864;84;162;216;DUMMY864;x
865;126;165;89;DUMMY865;x
866;168;168;217;DUMMY866;x
867;0;171;90;DUMMY867;x
868;42;174;218;DUMMY868;x
869;84;177;91;DUMMY869;x
870;126;180;219;DUMMY870;x
871;168;183;92;DUMMY871;x
872;0;186;220;DUMMY872;x
873;42;189;93;DUMMY873;x
874;84;192;221;DUMMY874;x
875;126;195;94;DUMMY875;x
876;168;198;222;DUMMY876;x
877;0;201;95;DUMMY877;x
878;42;204;223;DUMMY878;x
879;84;207;96;DUMMY879;x
880;126;210;224;DUMMY880;x
881;168;0;97;DUMMY881;x
882;168;123;82;DUMMY882;x
883;126;120;209;DUMMY883;x
884;126;3;154;DUMMY884;x
885;84;117;81;DUMMY885;x
886;168;15;227;DUMMY886;x
887;1;18;0;DUMMY887;x
888;43;21;128;DUMMY888;x
889;85;24;1;DUMMY889;x
890;127;27;129;DUMMY890;x
891;169;30;2;DUMMY891;x
892;1;33;130;DUMMY892;x
893;43;36;3;DUMMY893;x
894;43;96;13;DUMMY894;x
895;127;42;4;DUMMY895;x
896;169;45;132;DUMMY896;x
897;1;48;5;DUMMY897;x
898;43;51;133;DUMMY898;x
899;1;93;140;DUMMY899;x
900;127;57;134;DUMMY900;x
901;169;60;7;DUMMY901;x
902;1;63;135;DUMMY902;x
903;43;66;8;DUMMY903;x
904;85;69;136;DUMMY904;x
905;127;72;9;DUMMY905;x
906;169;75;137;DUMMY906;x
907;1;78;10;DUMMY907;x
908;84;132;211;DUMMY908;x
909;0;126;210;DUMMY909;x
910;42;129;83;DUMMY910;x
911;0;207;25;DUMMY911;x
912;84;0;26;DUMMY912;x
913;126;48;34;DUMMY913;x
914;84;45;161;DUMMY914;x
915;85;39;131;DUMMY915;x
916;126;105;79;DUMMY916;x
917;42;99;78;DUMMY917;x
918;168;93;77;DUMMY918;x
919;126;90;204;DUMMY919;x
920;85;99;141;DUMMY920;x
921;127;102;14;DUMMY921;x
922;169;105;142;DUMMY922;x
923;1;108;15;DUMMY923;x
924;43;111;143;DUMMY924;x
925;85;114;16;DUMMY925;x
926;127;117;144;DUMMY926;x
927;17;40;240;DUMMY927;x
928;169;120;17;DUMMY928;x
929;1;123;145;DUMMY929;x
930;43;126;18;DUMMY930;x
931;85;129;146;DUMMY931;x
932;127;132;19;DUMMY932;x
933;169;132;182;DUMMY933;x
934;1;135;55;DUMMY934;x
935;43;138;183;DUMMY935;x
936;42;39;68;DUMMY936;x
937;84;42;196;DUMMY937;x
938;126;45;69;DUMMY938;x
939;168;48;197;DUMMY939;x
940;0;51;70;DUMMY940;x
941;42;54;198;DUMMY941;x
942;0;54;35;DUMMY942;x
943;42;18;3;DUMMY943;x
944;168;63;72;DUMMY944;x
945;0;66;200;DUMMY945;x
946;42;69;73;DUMMY946;x
947;84;72;201;DUMMY947;x
948;126;75;74;DUMMY948;x
949;168;78;202;DUMMY949;x
950;0;81;75;DUMMY950;x
951;42;84;203;DUMMY951;x
952;0;96;205;DUMMY952;x
953;84;180;56;DUMMY953;x
954;126;183;184;DUMMY954;x
955;126;33;159;DUMMY955;x
956;84;15;156;DUMMY956;x
957;168;204;152;DUMMY957;x
958;42;132;48;DUMMY958;x
959;84;135;176;DUMMY959;x
960;168;171;182;DUMMY960;x
961;168;141;177;DUMMY961;x
962;0;144;50;DUMMY962;x
963;42;147;178;DUMMY963;x
964;84;150;51;DUMMY964;x
965;126;153;179;DUMMY965;x
966;168;156;52;DUMMY966;x
967;0;159;180;DUMMY967;x
968;42;162;53;DUMMY968;x
969;84;87;76;DUMMY969;x
970;168;21;157;DUMMY970;x
971;126;90;149;DUMMY971;x
972;168;108;207;DUMMY972;x
973;126;78;39;DUMMY973;x
974;42;27;158;DUMMY974;x
975;126;168;54;DUMMY975;x
976;42;210;153;DUMMY976;x
977;168;36;32;DUMMY977;x
978;0;39;160;DUMMY978;x
979;0;111;80;DUMMY979;x
980;42;12;28;DUMMY980;x
981;0;9;155;DUMMY981;x
982;168;51;162;DUMMY982;x
983;42;114;208;DUMMY983;x
984;42;57;163;DUMMY984;x
985;84;60;36;DUMMY985;x
986;126;63;164;DUMMY986;x
987;168;66;37;DUMMY987;x
988;0;69;165;DUMMY988;x
989;42;72;38;DUMMY989;x
990;84;75;166;DUMMY990;x
991;42;6;98;DUMMY991;x
992;168;81;167;DUMMY992;x
993;0;84;40;DUMMY993;x
994;42;87;168;DUMMY994;x
995;84;90;41;DUMMY995;x
996;126;93;169;DUMMY996;x
997;126;12;99;DUMMY997;x
998;0;99;170;DUMMY998;x
999;42;102;43;DUMMY999;x
1000;249;255;87;Okefenokee;x
1001;252;255;171;Ochlockonee;x
1002;199;204;70;Blackshear;x
1003;130;66;103;Greenbo;x
1004;184;74;138;Buckhorn;x
1005;156;79;124;Corbin;x
1006;80;88;99;Blue Licks;x
1007;75;91;112;Transylvania;x
1008;56;68;84;Old Bourbon;x
1009;101;112;125;Louisville;x
1010;201;68;28;Sault Ste Marie;x
1011;224;93;54;Tahquamenon;x
1012;178;61;24;Manistique;x
1013;253;224;201;Rough River;x
1014;230;187;154;Owensboro;x
1015;217;192;172;Mammoth;x
1016;255;239;227;Wolf Creek;x
1017;203;201;2;Mineral Mound;x
1018;168;167;2;The Purchase;x
1019;0;190;156;Nashville;x
1020;22;224;188;Murfreesboro;x
1021;21;178;151;Carthage;x
1022;0;153;136;Sequatchie;x
1023;255;85;85;Reelfoot;x
1024;224;54;54;Memphis;x
1025;242;111;111;Forked Deer;x
1026;255;25;37;Tullahoma;x
1027;59;49;27;Guntersville;x
1028;84;65;29;Huntsville;x
1029;38;32;18;Winston;x
1030;97;164;127;LaGrange;x
1031;119;201;156;Benning;x
1032;150;224;184;Eufaula;x
1033;108;25;60;Tuskegee;x
1034;128;43;79;Dothan;x
1035;168;40;95;Chipola;x
1036;47;194;191;Birmingham;x
1037;9;206;202;Talladega;x
1038;43;128;94;Coosa;x
1039;25;108;75;Montgomery;x
1040;200;196;196;Tuscaloosa;x
1041;168;165;165;Demopolis;x
1042;224;220;220;Conecuh;x
1043;58;97;112;Mobile;x
1044;236;108;255;Pensacola;x
1045;212;97;230;Apalachicola;x
1046;244;171;255;Tallahassee;x
1047;17;213;0;Pictured Rocks;x
1048;73;242;58;Marquette;x
1049;14;168;0;Escanaba;x
1050;190;181;146;St Louis;x
1051;224;214;173;Cape Girardeau;x
1052;88;96;126;Des Plaines;x
1053;118;128;168;Rockford;x
1054;71;82;126;Kankakee;x
1055;181;229;130;Cairo;x
1056;155;196;111;Kaskaskia;x
1057;212;252;169;Mount Vernon;x
1058;147;217;74;Effingham;x
1059;26;38;13;Evansville;x
1060;17;26;9;Hoosier;x
1061;52;76;26;Versailles;x
1062;31;51;10;Vincennes;x
1063;206;214;242;Indianapolis;x
1064;179;183;199;Kokomo;x
1065;197;202;219;Muncie;x
1066;183;189;204;Knobstone;x
1067;157;162;178;High Land;x
1068;206;214;153;Tippecanoe;x
1069;199;204;163;Kenapocomoco;x
1070;157;140;99;Streatorland;x
1071;204;184;137;Peoria;x
1072;204;174;102;Sangamon;x
1073;140;122;79;Decatur;x
1074;157;123;42;West Okaw;x
1075;178;159;113;Chambana;x
1076;158;150;130;Watseka;x
1077;222;0;33;Alton;x
1078;178;0;27;Quincy;x
1079;252;58;87;La Moine;x
1080;64;115;255;Rock Cave;x
1081;61;109;242;Uwharrie;x
1082;146;255;223;Magnolia Hollow;x
1083;62;112;247;Cheatham;x
1084;5;194;163;Steinhatchee;x
1085;23;178;153;Osceola;x
1086;5;190;160;First Coast;x
1087;75;235;209;Lochloosa;x
1088;5;178;164;Ocala;x
1089;242;133;10;Daytona Beach;x
1090;242;160;68;Canaveral;x
1091;212;113;2;Orlando;x
1092;227;131;23;Homosassa;x
1093;129;159;75;Tampa;x
1094;108;133;63;Caloosahatchee;x
1095;150;184;88;Okeechobee;x
1096;159;0;255;Palm Beach;x
1097;183;67;255;Miami;x
1098;141;50;196;Everglades;x
1099;133;0;198;Florida Keys;x
1100;168;57;57;Havana;x
1101;184;111;111;Matanzas;x
1102;234;232;192;Pinar del Rio;x
1103;217;214;145;Artemisa;x
1104;247;246;223;Isla de Pinos;x
1105;160;184;88;Santa Clara;x
1106;137;166;50;Cienfuegos;x
1107;184;204;122;Moron;x
1108;176;196;193;Ciego de Avila;x
1109;204;227;223;Camaguey;x
1110;184;204;200;Las Tunas;x
1111;143;178;172;Granma;x
1112;225;237;235;Holguin;x
1113;186;227;220;Sierra Maestra;x
1114;205;227;223;Baracoa;x
1115;205;54;223;Guantanamo;x
1116;67;118;153;Buttahatchee;x
1117;211;204;70;Biloxi;x
1118;230;223;103;Tangipahoa;x
1119;204;196;49;Itta Homma;x
1120;196;150;79;Homochitto;x
1121;178;129;54;Leaf;x
1122;196;151;78;Chickasawhay;x
1123;217;174;108;Tallahoma;x
1124;66;108;3;New Orleans;x
1125;130;152;96;Natchez;x
1126;99;124;61;Bayou Pierre;x
1127;150;174;111;Vicksburg;x
1128;183;239;237;Jackson;x
1129;138;230;226;Meridian;x
1130;210;250;248;Tombigbee;x
1131;217;216;121;Arkabutla;x
1132;217;215;74;Tillatoba;x
1133;230;229;149;Sunflower;x
1134;108;66;194;Holly Springs;x
1135;71;10;196;Ackia;x
1136;65;0;194;Oktibbeha;x
1137;74;0;224;Yalobusha;x
1138;88;20;224;Baraga-Lanse;x
1139;71;9;196;Keweenaw;x
1140;65;8;178;Porcupines;x
1141;72;9;198;Isle Royale;x
1142;223;92;51;Gogebic;x
1143;204;69;27;Iron River;x
1144;230;107;69;Iron Mountain;x
1145;20;204;89;La Crosse;x
1146;57;230;122;Kickapoo;x
1147;20;204;90;Galena;x
1148;0;219;82;Rock Island;x
1149;68;7;170;Milwaukee;x
1150;87;23;194;Four Lakes;x
1151;67;15;144;The Dells;x
1152;128;130;130;Sheboygan;x
1153;115;117;117;Winnebago;x
1154;138;140;140;Puckaway;x
1155;126;128;128;Portage;x
1156;222;38;150;Peshtigo;x
1157;255;87;189;Green Bay;x
1158;230;28;150;Door;x
1159;242;113;189;Manitowoc;x
1160;238;65;31;Passamaquoddy;x
1161;255;95;64;Saint John;x
1162;222;49;16;Aucpaque;x
1163;247;96;67;Meduxnekeag;x
1164;185;207;184;Fundy;x
1165;203;224;202;Moncton;x
1166;170;194;169;Kouchibouguac;x
1167;155;195;119;Miramichi;x
1168;135;170;74;Gloucester;x
1169;172;204;143;Mt Carleton;x
1170;146;184;112;Chaleur;x
1171;135;170;73;Petit-Sault;x
1172;207;11;29;Cornwall;x
1173;11;99;100;Middlesex;x
1174;87;21;56;Surrey;x
1175;213;0;0;Barbados;x
1176;88;130;94;St Vincent;x
1177;224;176;213;St Lucia;x
1178;213;128;37;Martinique;x
1179;77;170;57;Dominique;x
1180;170;57;57;Guadeloupe;x
1181;230;26;82;Antigua and Barbuda;x
1182;189;230;25;Virgin Islands;x
1183;244;224;13;San Juan;x
1184;105;218;48;Ponce;x
1185;150;51;65;Bayamon;x
1186;224;116;67;Mayaguez;x
1187;82;187;116;Port-au-Prince;x
1188;218;150;133;Artibonite;x
1189;48;136;62;Le Cap;x
1190;204;130;68;Santo Domingo;x
1191;184;77;69;Les Cayes;x
1192;176;156;105;Santiago;x
1193;176;105;147;Puerto Plata;x
1194;140;179;116;La Romana;x
1195;167;65;130;Barahona;x
1196;133;94;94;Grand Bahama;x
1197;96;94;133;New Providence;x
1198;184;116;122;Turks and Caicos;x
1199;193;68;17;Cap Diamant;x
1200;222;76;18;Chaudiere;x
1201;193;55;0;Etchemin;x
1202;123;186;201;Gaspe;x
1203;121;169;181;Bonaventure;x
1204;80;111;119;Chic-Chocs;x
1205;149;175;181;Matapedia;x
1206;88;140;153;Rimouski;x
1207;123;171;184;Riviere-du-Loup;x
1208;255;255;240;Sherbrooke;x
1209;235;235;221;Frontenac;x
1210;212;212;199;Amiante;x
1211;242;242;228;Saint Francois;x
1212;204;204;192;Monteregie;x
1213;53;4;51;Epekwitk;x
1214;66;8;64;Summerside;x
1215;51;4;49;Chignecto;x
1216;69;8;67;Cape Jourimain;x
1217;142;124;194;Hochelaga;x
1218;2;194;69;Charlevoix;x
1219;67;224;120;Laurentides;x
1220;13;213;83;Portneuf;x
1221;3;181;64;Mauricia;x
1222;59;227;116;Lanaudiere;x
1223;91;122;85;Cameron;x
1224;91;164;85;Nueces;x
1225;28;164;85;Starr;x
1226;28;145;142;Duval;x
1227;28;145;74;Webb;x
1228;28;94;74;Goliad;x
1229;28;133;74;Live Oak;x
1230;125;133;74;Maverick;x
1231;125;91;74;Bexar;x
1232;125;156;74;Comal;x
1233;125;88;74;Val Verde;x
1234;125;125;108;Uvalde;x
1235;125;176;128;Travis;x
1236;125;125;173;McLennan;x
1237;125;184;113;Kerr;x
1238;125;145;113;Harris;x
1239;77;145;113;Beaumont;x
1240;68;145;74;Matagorda;x
1241;125;193;173;Waxahachie;x
1242;125;193;71;Dallas;x
1243;125;128;71;Tarrant;x
1244;125;187;71;Sabine;x
1245;113;187;113;Nacogdoches;x
1246;113;122;113;Tyler;x
1247;165;173;125;San Jacinto;x
1248;125;193;60;San Saba;x
1249;28;93;74;Plaquemines;x
1250;38;112;90;Lafourche-Terrebonne;x
1251;23;76;61;Atchafalaya;x
1252;28;90;74;Lafayette;x
1253;25;76;62;Vermilion;x
1254;36;107;86;Cameron-Calcasieu;x
1255;255;0;0;Brazos;x
1256;138;68;71;Pitupok;x
1257;136;130;96;Unamakika;x
1258;153;77;125;Antigonish;x
1259;78;9;53;Wagobagitik;x
1260;50;117;148;Chebucto;x
1261;227;27;239;Pisiguit;x
1262;224;65;130;Usitukun;x
1263;195;150;79;Galveston;x
1264;255;42;145;St Landry;x
1265;204;49;124;Vernon;x
1266;181;224;248;Rapides;x
1267;143;176;196;Catahoula;x
1268;89;121;85;Welland;x
1269;252;239;60;Hamilton;x
1270;159;154;74;Oshawa;x
1271;102;98;28;Toronto;x
1272;133;8;0;Bruce;x
1273;176;96;90;Essex;x
1274;205;65;54;Lambton;x
1275;140;64;84;Elgin;x
1276;210;96;126;Brant;x
1277;107;44;61;Wellington;x
1278;188;77;136;Simcoe;x
1279;234;164;202;Huron;x
1280;230;220;55;Ganaraska;x
1281;224;206;54;Hastings;x
1282;250;240;60;Prince Edward;x
1283;252;246;126;Cataraqui;x
1284;156;83;17;Natchitoches;x
1285;191;116;48;Caddo;x
1286;178;95;19;Ouachita;x
1287;140;68;3;Kisatchie;x
1288;158;84;17;Ruston;x
1289;214;214;217;Texarkana;x
1290;247;247;250;Cypress;x
1291;210;156;241;Bootheel;x
1292;232;200;250;Black;x
1293;192;126;230;Current;x
1294;225;177;252;Gasconade;x
1295;186;145;217;Cole;x
1296;65;0;207;Thousand Islands;x
1297;93;54;178;Ottawa;x
1298;56;0;178;United Counties;x
1299;96;34;230;Vaudreuil-Soulanges;x
1300;123;76;224;Grande Ligne;x
1301;128;216;173;Laguna de Bustillos;x
1302;222;231;173;Laguna de Babicora;x
1303;209;200;73;El Oviachic;x
1304;82;197;194;Dozois;x
1305;24;121;203;Lac Simard;x
1306;43;184;161;Lake Temagami;x
1307;85;87;181;Pelican Lake;x
1308;127;90;54;Swan Lake;x
1309;169;93;182;Muskoka Lakes;x
1310;1;96;55;Lake Winnipesaukee;x
1311;43;99;183;Spednic Lake;x
1312;85;102;56;Moosehead Lake;x
1313;127;105;184;Kesagami Lake;x
1314;169;108;57;Red Deer Lake;x
1315;1;111;185;Grand Lakes;x
1316;43;114;58;Lago de Atitlan;x
1317;237;234;176;Santiaguillo;x
1318;127;120;59;Lake Kissimmee;x
1319;169;123;187;Lake Tohopekaliga;x
1320;1;126;60;Crescent Lake;x
1321;43;129;188;Lake Apopka;x
1322;85;132;61;Lake George;x
1323;127;135;189;Lake Istokpoga;x
1324;169;138;62;Alligator Lake;x
1325;1;141;190;Grand Lake;x
1326;43;144;63;White Lake;x
1327;85;147;191;Calcasieu Lake;x
1328;127;150;64;Sabine Lake;x
1329;169;153;192;Phelps Lake;x
1330;1;156;65;Lake Mattamuskeet;x
1331;43;159;193;Lake Livingstone;x
1332;85;162;66;Lake Sam Rayburn;x
1333;127;165;194;Toledo Bend;x
1334;169;168;67;Lake Lanier;x
1335;1;171;195;Lake Hartwell;x
1336;43;174;68;Clarks Hill Lake;x
1337;85;177;196;Lake Murray;x
1338;176;234;164;Alberta Lakes;x
1339;169;183;197;Lake Moultrie;x
1340;1;186;70;Lake Marion;x
1341;43;189;198;Gouin;x
1342;85;192;71;Lac Kempt;x
1343;127;195;199;Lac Taureau;x
1344;169;198;72;Newfoundland Lakes;x
1345;1;201;200;Labrador Lakes;x
1346;143;204;73;Lac Chibougamau;x
1347;85;207;201;Lac au Goeland;x
1348;127;210;74;Lac Evans;x
1349;169;0;202;Lac Des Milles Lac;x
1350;1;3;75;Dog Lake;x
1351;43;6;203;Last Mountain Lake;x
1352;85;9;76;Lago de Yojoa;x
1353;127;12;204;El Huizache;x
1354;169;15;77;Lagunas de Panuco;x
1355;1;18;205;Las Adjuntas;x
1356;43;21;78;Crater Lake;x
1357;85;24;206;Lago Peten Itza;x
1358;127;27;79;Clear Lake;x
1359;169;30;207;Malheur Lake;x
1360;1;33;80;Upper Klamath Lake;x
1361;43;36;208;Summer Lake;x
1362;85;39;81;Lake Abert;x
1363;127;42;209;Goose Lake;x
1364;169;45;82;Upper Alkali Lake;x
1365;1;48;210;Eagle Lake;x
1366;43;51;83;Honey Lake;x
1367;85;54;211;Lago de Miguel Aleman;x
1368;127;57;84;Lago de Patzcuaro;x
1369;169;60;212;Malpaso;x
1370;1;63;85;La Lagunera;x
1371;43;66;213;Laguna Salada;x
1372;85;69;86;Lago de Cuitzeo;x
1373;127;72;214;Laguna de Sayula;x
1374;169;75;87;Lago de Chapala;x
1375;1;78;215;Lake Baskatong;x
1376;43;81;88;Grand Lake;x
1377;85;84;216;Wanapitei Lake;x
1378;127;87;89;Lake Winnibigoshish;x
1379;169;90;217;Leech Lake;x
1380;1;93;90;Riviere-aux-Outardes;x
1381;43;96;218;Lake Fleche;x
1382;85;99;91;Lake Pipmuacan;x
1383;127;49;219;Ossokmanuan Lake;x
1384;169;105;92;Kootenay Lake;x
1385;1;108;220;Yellowstone Lake;x
1386;43;111;93;Fort Peck Lake;x
1387;85;114;221;Laguna de Perlas;x
1388;127;117;94;La Angostura;x
1389;169;120;222;Laguna Tamiahua;x
1390;1;123;95;Lake Almanor;x
1391;43;126;223;Harrison Lake;x
1392;85;129;96;Lake Pend Oreille;x
1393;127;132;224;Flathead Lake;x
1394;169;135;97;Finger Lakes;x
1395;1;138;225;Old Wives Lake;x
1396;43;141;98;Pyramid Lake;x
1397;85;144;226;Mono Lake;x
1398;127;147;99;Walker Lake;x
1399;169;150;227;Sevier Lake;x
1400;88;45;31;Lago de Guri;x
1401;130;48;159;Brokopondostuwmeer;x
1402;167;219;186;Cienagas;x
1403;85;246;234;Michikamau Lake;x
1404;203;219;216;Cedar Lake;x
1405;225;194;158;Lago Xolotlan;x
1406;149;219;176;Lago Nicaragua;x
1407;18;228;91;Lago de Valencia;x
1408;0;216;228;Cienaga Grande de Santa Marta;x
1409;74;127;203;Mille Lacs Lake;x
1410;100;150;200;Quill Lakes;x
1411;9;39;176;Lake Tahoe;x
1412;160;184;229;Rainy Lake;x
1413;0;76;203;Lake Izabal;x
1414;9;64;191;Caratasca Lagoon;x
1415;43;46;100;James Bay;x
1416;64;70;82;Bras d'Or Lake;x
1417;49;106;152;Lake Winnipeg;x
1418;12;73;85;Lake Winnipegosis;x
1419;33;100;188;Lake Manitoba;x
1420;27;82;149;Lake of the Woods;x
1421;27;131;167;Dauphin Lake;x
1422;0;76;146;Red Lake;x
1423;24;115;188;Lake Nipigon;x
1424;21;85;128;Lake Mistassini;x
1425;12;36;149;Lake Manicouagan;x
1426;2;33;97;Lake Sakakawea;x
1427;24;97;179;Lake Winnebago;x
1428;15;49;109;Lake Simcoe;x
1429;3;106;158;Lake Champlain;x
1430;43;64;206;Great Salt Lake;x
1431;58;27;152;Utah Lake;x
1432;43;15;179;Salton Sea;x
1433;43;43;124;Lake Saint-Jean;x
1434;15;70;115;Lake Okeechobee;x
1435;73;191;188;Lake Maurepas;x
1436;18;124;188;Lake Salvador;x
1437;3;64;219;Sebago Lake;x
1438;61;121;255;Bear Lake;x
1439;0;18;121;Lake Nipissing;x
1440;106;76;194;Devils Lake;x
1441;61;58;158;Lake Abitibi;x
1442;85;231;209;Lago de Texcoco;x
1443;121;249;188;Choke Canyon;x
1444;213;173;240;Chilko Lake;x
1445;222;158;206;Charlotte Lake;x
1446;185;234;213;Quesnel Lake;x
1447;234;200;243;Owikeno Lake;x
1448;49;91;134;Upper Ohio River;x
1449;2;159;190;Upper Mississippi River;x
1450;115;137;203;Oneida Lake;x
1451;70;191;173;Strait of Canso;x
1452;61;149;197;Coast of Nova Scotia;x
1453;61;121;240;Gulf of Maine;x
1454;79;100;118;Lake Melville;x
1455;146;188;194;Coast of Labrador;x
1456;82;103;121;Coast of Newfoundland;x
1457;109;112;182;Strait of Belle Isle;x
1458;88;155;76;Cabot Strait;x
1459;43;170;191;Grand Banks;x
1460;46;240;146;Rio Cauca;x
1461;0;194;164;Lower Rio Magdalena;x
1462;64;137;106;Upper Rio Magdalena;x
1463;76;94;209;Upper Rio Orinoco;x
1464;167;167;243;Lower Rio Orinoco;x
1465;101;79;206;Coast of Guyana;x
1466;30;149;173;Sea of Trinidad;x
1467;55;79;161;Close Leeward Antilles;x
1468;118;152;146;Far Leeward Antilles;x
1469;58;94;170;Coast of Colombia;x
1470;124;97;121;Lake Maracaibo;x
1471;27;167;164;Gulf of Venezuela;x
1472;90;153;239;Toronto Bay;x
1473;99;132;177;Niagara River;x
1474;17;78;162;Upper St Lawrence;x
1475;124;149;229;Lower St Lawrence;x
1476;15;94;201;Delaware Bay;x
1477;60;111;201;Nantucket Sound;x
1478;74;128;201;Cape Cod;x
1479;19;81;164;Bay of Fundy;x
1480;92;123;164;Coast of Nova Scotia;x
1481;6;59;131;Northumberland Strait;x
1482;60;102;159;St Lawrence Estuary;x
1483;13;84;180;Chesapeake Bay;x
1484;36;67;203;Carolinian Coast;x
1485;40;103;187;Pamlico Sound;x
1486;97;48;164;Lower Hudson River;x
1487;109;65;169;Mohawk River;x
1488;62;22;116;Erie Canal;x
1489;31;89;167;Long Island Sound;x
1490;20;93;192;Lake Ontario;x
1491;19;86;178;Lake Erie;x
1492;16;74;153;Put-in-Bay;x
1493;36;67;205;Lake St. Clair;x
1494;64;96;192;Florida Coast;x
1495;55;82;164;Lower Mississippi River;x
1496;90;117;198;Tennessee River;x
1497;11;35;139;Lower Ohio River;x
1498;20;64;198;Middle Ohio River;x
1499;0;0;128;Lake Huron;x
1500;0;0;255;Saginaw Bay;x
1501;128;128;255;Georgian Bay;x
1502;64;64;255;North Channel;x
1503;64;128;255;Straits of Mackinac;x
1504;64;96;255;Grand Traverse Bay;x
1505;0;0;222;Green Bay;x
1506;25;75;180;Lake Michigan;x
1507;33;128;200;Winyah Bay;x
1508;0;0;250;St Simons Sound;x
1509;9;25;166;Sabana-Camaguey;x
1510;0;0;234;Florida Bay;x
1511;28;96;234;Tampa Bay;x
1512;75;112;224;Apalachee Bay;x
1513;50;62;166;Eastern Gulf of Mexico;x
1514;52;52;224;Mississippi Delta;x
1515;50;50;224;Soo Locks;x
1516;82;156;255;Keweenaw Bay;x
1517;82;114;255;Lake Superior;x
1518;10;40;140;Chain of Rocks;x
1519;48;84;192;Colorado Banks;x
1520;78;115;224;Gulf of Matamano;x
1521;0;0;232;Queens Gardens;x
1522;34;63;188;Western Windward Passage;x
1523;92;125;224;Nipe Bay;x
1524;153;180;229;Head of the Lakes;x
1525;83;159;215;Thunder Bay;x
1526;152;121;222;Coast of Cayenne;x
1527;21;65;87;Kingston Harbour;x
1528;150;148;219;Southern Antilles;x
1529;161;39;219;Lesser Antilles;x
1530;161;227;219;Anegada Passage;x
1531;163;179;221;Southern Caribbean1;x
1532;138;151;187;Samana Bay;x
1533;54;164;187;Eastern Windward Passage;x
1534;82;94;125;Gulf of Gonaives;x
1535;139;142;184;Little Bahama Bank;x
1536;55;64;184;Great Bahama Bank;x
1537;82;94;126;Southern Caribbean2;x
1538;161;226;220;Southern Caribbean3;x
1539;101;142;184;Acadian Coast;x
1540;45;45;235;Galveston Bay;x
1541;75;111;224;Laguna Madre;x
1542;167;196;235;Western Gulf of Mexico;x
1543;139;150;227;Cape Catoche;x
1544;96;162;226;Coast of Veracruz;x
1545;53;134;217;Coast of Tampico;x
1546;49;49;212;Red River;x
1547;101;128;207;Mississippi River1;x
1548;42;62;140;Mississippi River2;x
1549;55;82;165;Mississippi River3;x
1550;55;82;166;Missouri River1;x
1551;97;123;207;Missouri River2;x
1552;97;124;207;Mississippi River4;x
1553;25;75;177;Illinois River;x
1554;66;90;165;Cairo Gate;x
1555;161;223;222;Chicago Canal;x
1556;115;115;255;Lower Arkansas River;x
1557;46;94;219;Upper Arkansas River;x
1558;64;115;237;Tombigbee River;x
1559;0;152;228;Upper Rio Grande;x
1560;146;97;222;Upper Hudson River;x
1561;46;58;103;Missouri River3;x
1562;46;58;237;Missouri River4;x
1563;6;134;249;Mississippi River6;x
1564;172;0;222;Coast of Bermuda;x
1565;5;3;95;Atlantic Ocean;x
1566;18;73;225;Gulf of St Lawrence2;x
1567;46;115;240;St Lawrence River;x
1568;69;91;186;Gulf of St Lawrence3;x
1569;36;88;194;Gulf of St Lawrence4;x
1570;43;61;191;Gulf of St Lawrence5;x
1571;106;194;250;Coast of Tabasco;x
1572;206;237;246;Southern Gulf of Mexico;x
1573;164;200;206;Coast of Yucatan;x
1574;34;137;188;Cayman Sea;x
1575;97;179;228;Gulf of Honduras;x
1576;48;197;255;Coast of Belize;x
1577;21;106;185;Amatique Bay;x
1578;9;176;255;Coast of Honduras;x
1579;91;219;234;Coast of Mosquito;x
1580;61;161;255;Sea of Catalina;x
1581;0;91;146;Southern Caribbean4;x
1582;27;134;170;Southern Caribbean5;x
1583;106;164;179;Coast of Haiti;x
1584;158;200;228;Coast of Santo Domingo;x
1585;118;179;234;Coast of Puerto Rico;x
1586;46;73;219;Lower Rio Grande;x
1587;18;64;149;Gulf of Mosquitos;x
1588;209;216;237;Gulf of Darién;x
1589;103;222;161;Coast of Guatemala;x
1590;152;243;197;Isthmus of Tehuantepec;x
1591;190;227;204;Coast of Oaxaca;x
1592;159;196;196;Rich Coast;x
1593;137;193;159;Coast of Michoacan;x
1594;164;240;176;Coast of Colima;x
1595;191;222;164;Coast of Jalisco;x
1596;134;191;188;Great Equinox Ocean;x
1597;100;222;176;Cabo Point;x
1598;124;185;146;Sea of Cortes;x
1599;152;222;225;Queen Charlotte Sound;x
1600;137;179;176;Gulf of Cortes;x
1601;131;197;225;Coast of Baja Sur;x
1602;97;219;185;Strait of Georgia;x
1603;134;173;146;Coast of Baja California;x
1604;134;231;209;Channel Coast;x
1605;152;194;234;Gulf of the Farallones;x
1606;76;173;237;Coast of California;x
1607;100;213;209;Cascade Coast;x
1608;134;200;255;Coast of Oregon;x
1609;152;231;246;Salish Sea;x
1610;82;176;182;Coast of Washington;x
1611;12;155;246;Puget Sound;x
1612;167;43;225;Lower Colorado River;x
1613;213;103;252;Upper Colorado River;x
1614;234;167;246;Lower Columbia River;x
1615;161;109;213;Middle Columbia River;x
1616;128;91;170;Upper Columbia River;x
1617;103;49;146;Snake River;x
1618;216;115;213;Sacramento River;x
1619;109;64;155;San Joaquin River;x
1620;155;112;200;California Delta;x
1621;39;134;124;Gulf of Chiriqui;x
1622;59;91;61;Gulf of Panama;x
1623;77;71;77;Coast of Choco;x
1624;169;81;222;;x
1625;1;84;95;;x
1626;43;87;223;;x
1627;85;90;96;;x
1628;127;93;224;;x
1629;169;96;97;;x
1630;1;99;225;;x
1631;43;102;98;;x
1632;85;105;226;;x
1633;127;108;99;;x
1634;169;111;227;;x
1635;1;6;145;DUMMY1635;x
1636;43;9;18;DUMMY1636;x
1637;85;12;146;DUMMY1637;x
1638;127;15;19;DUMMY1638;x
1639;169;18;147;DUMMY1639;x
1640;1;21;20;DUMMY1640;x
1641;43;24;148;DUMMY1641;x
1642;85;27;21;DUMMY1642;x
1643;127;30;149;DUMMY1643;x
1644;169;33;22;DUMMY1644;x
1645;1;36;150;DUMMY1645;x
1646;43;39;23;DUMMY1646;x
1647;85;42;151;DUMMY1647;x
1648;127;45;24;DUMMY1648;x
1649;169;48;152;DUMMY1649;x
1650;1;51;25;DUMMY1650;x
1651;43;54;153;DUMMY1651;x
1652;85;57;26;DUMMY1652;x
1653;127;60;154;DUMMY1653;x
1654;169;63;27;DUMMY1654;x
1655;1;66;155;DUMMY1655;x
1656;43;69;28;DUMMY1656;x
1657;85;72;156;DUMMY1657;x
1658;127;75;29;DUMMY1658;x
1659;169;78;157;DUMMY1659;x
1660;1;81;30;DUMMY1660;x
1661;43;84;158;DUMMY1661;x
1662;85;87;31;DUMMY1662;x
1663;127;90;159;DUMMY1663;x
1664;169;93;32;DUMMY1664;x
1665;1;96;160;DUMMY1665;x
1666;43;99;33;DUMMY1666;x
1667;85;102;161;DUMMY1667;x
1668;127;105;34;DUMMY1668;x
1669;169;108;162;DUMMY1669;x
1670;1;111;35;DUMMY1670;x
1671;43;114;163;DUMMY1671;x
1672;85;117;36;DUMMY1672;x
1673;127;120;164;DUMMY1673;x
1674;169;123;37;DUMMY1674;x
1675;1;126;165;DUMMY1675;x
1676;43;129;38;DUMMY1676;x
1677;85;132;166;DUMMY1677;x
1678;127;135;39;DUMMY1678;x
1679;169;138;167;DUMMY1679;x
1680;1;141;40;DUMMY1680;x
1681;43;144;168;DUMMY1681;x
1682;85;147;41;DUMMY1682;x
1683;127;150;169;DUMMY1683;x
1684;169;153;42;DUMMY1684;x
1685;1;156;170;DUMMY1685;x
1686;43;159;43;DUMMY1686;x
1687;85;162;171;DUMMY1687;x
1688;127;165;44;DUMMY1688;x
1689;169;168;172;DUMMY1689;x
1690;1;171;45;DUMMY1690;x
1691;43;174;173;DUMMY1691;x
1692;85;177;46;DUMMY1692;x
1693;127;180;174;DUMMY1693;x
1694;169;183;47;DUMMY1694;x
1695;1;186;175;DUMMY1695;x
1696;43;189;48;DUMMY1696;x
1697;85;192;176;DUMMY1697;x
1698;127;195;49;DUMMY1698;x
1699;169;198;177;DUMMY1699;x
1700;1;201;50;DUMMY1700;x
1701;43;204;178;DUMMY1701;x
1702;85;207;51;DUMMY1702;x
1703;127;210;179;DUMMY1703;x
1704;169;0;52;DUMMY1704;x
1705;1;3;180;DUMMY1705;x
1706;43;6;53;DUMMY1706;x
1707;85;9;181;DUMMY1707;x
1708;127;12;54;DUMMY1708;x
1709;169;15;182;DUMMY1709;x
1710;1;18;55;DUMMY1710;x
1711;43;21;183;DUMMY1711;x
1712;85;24;56;DUMMY1712;x
1713;127;27;184;DUMMY1713;x
1714;169;30;57;DUMMY1714;x
1715;1;33;185;DUMMY1715;x
1716;43;36;58;DUMMY1716;x
1717;85;39;186;DUMMY1717;x
1718;127;42;59;DUMMY1718;x
1719;169;45;187;DUMMY1719;x
1720;1;48;60;DUMMY1720;x
1721;43;51;188;DUMMY1721;x
1722;85;54;61;DUMMY1722;x
1723;127;57;189;DUMMY1723;x
1724;169;60;62;DUMMY1724;x
1725;1;63;190;DUMMY1725;x
1726;43;66;63;DUMMY1726;x
1727;85;69;191;DUMMY1727;x
1728;127;72;64;DUMMY1728;x
1729;169;75;192;DUMMY1729;x
1730;1;78;65;DUMMY1730;x
1731;43;81;193;DUMMY1731;x
1732;85;84;66;DUMMY1732;x
1733;127;87;194;DUMMY1733;x
1734;169;90;67;DUMMY1734;x
1735;1;93;195;DUMMY1735;x
1736;43;96;68;DUMMY1736;x
1737;85;99;196;DUMMY1737;x
1738;127;102;69;DUMMY1738;x
1739;169;105;197;DUMMY1739;x
1740;1;108;70;DUMMY1740;x
1741;43;111;198;DUMMY1741;x
1742;85;114;71;DUMMY1742;x
1743;127;117;199;DUMMY1743;x
1744;169;120;72;DUMMY1744;x
1745;1;123;200;DUMMY1745;x
1746;43;126;73;DUMMY1746;x
1747;85;129;201;DUMMY1747;x
1748;127;132;74;DUMMY1748;x
1749;169;135;202;DUMMY1749;x
1750;1;138;75;DUMMY1750;x
1751;43;141;203;DUMMY1751;x
1752;85;144;76;DUMMY1752;x
1753;127;147;204;DUMMY1753;x
1754;169;150;77;DUMMY1754;x
1755;1;153;205;DUMMY1755;x
1756;43;156;78;DUMMY1756;x
1757;85;159;206;DUMMY1757;x
1758;127;162;79;DUMMY1758;x
1759;169;165;207;DUMMY1759;x
1760;1;168;80;DUMMY1760;x
1761;43;171;208;DUMMY1761;x
1762;85;174;81;DUMMY1762;x
1763;127;177;209;DUMMY1763;x
1764;169;180;82;DUMMY1764;x
1765;1;183;210;DUMMY1765;x
1766;43;186;83;DUMMY1766;x
1767;85;189;211;DUMMY1767;x
1768;127;192;84;DUMMY1768;x
1769;169;195;212;DUMMY1769;x
1770;1;198;85;DUMMY1770;x
1771;43;201;213;DUMMY1771;x
1772;85;204;86;DUMMY1772;x
1773;127;207;214;DUMMY1773;x
1774;169;210;87;DUMMY1774;x
1775;1;0;215;DUMMY1775;x
1776;43;3;88;DUMMY1776;x
1777;85;6;216;DUMMY1777;x
1778;127;9;89;DUMMY1778;x
1779;169;12;217;DUMMY1779;x
1780;1;15;90;DUMMY1780;x
1781;43;18;218;DUMMY1781;x
1782;85;21;91;DUMMY1782;x
1783;127;24;219;DUMMY1783;x
1784;169;27;92;DUMMY1784;x
1785;1;30;220;DUMMY1785;x
1786;43;33;93;DUMMY1786;x
1787;85;36;221;DUMMY1787;x
1788;127;39;94;DUMMY1788;x
1789;169;42;222;DUMMY1789;x
1790;1;45;95;DUMMY1790;x
1791;43;48;223;DUMMY1791;x
1792;85;51;96;DUMMY1792;x
1793;127;54;224;DUMMY1793;x
1794;169;57;97;DUMMY1794;x
1795;1;60;225;DUMMY1795;x
1796;43;63;98;DUMMY1796;x
1797;85;66;226;DUMMY1797;x
1798;127;69;99;DUMMY1798;x
1799;169;72;227;DUMMY1799;x
1800;1;75;0;DUMMY1800;x
1801;43;78;128;DUMMY1801;x
1802;85;81;1;DUMMY1802;x
1803;127;84;129;DUMMY1803;x
1804;169;87;2;DUMMY1804;x
1805;1;90;130;DUMMY1805;x
1806;43;93;3;DUMMY1806;x
1807;85;96;131;DUMMY1807;x
1808;127;99;4;DUMMY1808;x
1809;169;102;132;DUMMY1809;x
1810;1;105;5;DUMMY1810;x
1811;43;108;133;DUMMY1811;x
1812;85;111;6;DUMMY1812;x
1813;127;114;134;DUMMY1813;x
1814;169;117;7;DUMMY1814;x
1815;1;120;135;DUMMY1815;x
1816;43;123;8;DUMMY1816;x
1817;85;126;136;DUMMY1817;x
1818;127;129;9;DUMMY1818;x
1819;169;132;137;DUMMY1819;x
1820;1;135;10;DUMMY1820;x
1821;43;138;138;DUMMY1821;x
1822;85;141;11;DUMMY1822;x
1823;127;144;139;DUMMY1823;x
1824;169;147;12;DUMMY1824;x
1825;1;150;140;DUMMY1825;x
1826;43;153;13;DUMMY1826;x
1827;85;156;141;DUMMY1827;x
1828;127;159;14;DUMMY1828;x
1829;169;162;142;DUMMY1829;x
1830;1;165;15;DUMMY1830;x
1831;43;168;143;DUMMY1831;x
1832;85;171;16;DUMMY1832;x
1833;127;174;144;DUMMY1833;x
1834;169;177;17;DUMMY1834;x
1835;1;180;145;DUMMY1835;x
1836;43;183;18;DUMMY1836;x
1837;85;186;146;DUMMY1837;x
1838;127;189;19;DUMMY1838;x
1839;169;192;147;DUMMY1839;x
1840;1;195;20;DUMMY1840;x
1841;43;198;148;DUMMY1841;x
1842;85;201;21;DUMMY1842;x
1843;127;204;149;DUMMY1843;x
1844;169;207;22;DUMMY1844;x
1845;1;210;150;DUMMY1845;x
1846;43;0;23;DUMMY1846;x
1847;85;3;151;DUMMY1847;x
1848;127;6;24;DUMMY1848;x
1849;169;9;152;DUMMY1849;x
1850;1;12;25;DUMMY1850;x
1851;43;15;153;DUMMY1851;x
1852;85;18;26;DUMMY1852;x
1853;127;21;154;DUMMY1853;x
1854;169;24;27;DUMMY1854;x
1855;1;27;155;DUMMY1855;x
1856;43;30;28;DUMMY1856;x
1857;85;33;156;DUMMY1857;x
1858;127;36;29;DUMMY1858;x
1859;169;39;157;DUMMY1859;x
1860;1;42;30;DUMMY1860;x
1861;43;45;158;DUMMY1861;x
1862;85;48;31;DUMMY1862;x
1863;127;51;159;DUMMY1863;x
1864;169;54;32;DUMMY1864;x
1865;1;57;160;DUMMY1865;x
1866;43;60;33;DUMMY1866;x
1867;85;63;161;DUMMY1867;x
1868;127;66;34;DUMMY1868;x
1869;169;69;162;DUMMY1869;x
1870;1;72;35;DUMMY1870;x
1871;43;75;163;DUMMY1871;x
1872;85;78;36;DUMMY1872;x
1873;127;81;164;DUMMY1873;x
1874;169;84;37;DUMMY1874;x
1875;1;87;165;DUMMY1875;x
1876;43;90;38;DUMMY1876;x
1877;85;93;166;DUMMY1877;x
1878;127;96;39;DUMMY1878;x
1879;169;99;167;DUMMY1879;x
1880;1;102;40;DUMMY1880;x
1881;43;105;168;DUMMY1881;x
1882;85;108;41;DUMMY1882;x
1883;127;111;169;DUMMY1883;x
1884;169;114;42;DUMMY1884;x
1885;1;117;170;DUMMY1885;x
1886;43;120;43;DUMMY1886;x
1887;85;123;171;DUMMY1887;x
1888;127;126;44;DUMMY1888;x
1889;169;129;172;DUMMY1889;x
1890;1;132;45;DUMMY1890;x
1891;43;135;173;DUMMY1891;x
1892;85;138;46;DUMMY1892;x
1893;127;141;174;DUMMY1893;x
1894;169;144;47;DUMMY1894;x
1895;1;147;175;DUMMY1895;x
1896;43;150;48;DUMMY1896;x
1897;85;153;176;DUMMY1897;x
1898;127;156;49;DUMMY1898;x
1899;169;159;177;DUMMY1899;x
1900;1;162;50;DUMMY1900;x
1901;43;165;178;DUMMY1901;x
1902;85;168;51;DUMMY1902;x
1903;127;171;179;DUMMY1903;x
1904;169;174;52;DUMMY1904;x
1905;1;177;180;DUMMY1905;x
1906;43;180;53;DUMMY1906;x
1907;85;183;181;DUMMY1907;x
1908;127;186;54;DUMMY1908;x
1909;169;189;182;DUMMY1909;x
1910;1;192;55;DUMMY1910;x
1911;43;195;183;DUMMY1911;x
1912;85;198;56;DUMMY1912;x
1913;127;201;184;DUMMY1913;x
1914;169;204;57;DUMMY1914;x
1915;1;207;185;DUMMY1915;x
1916;43;210;58;DUMMY1916;x
1917;85;0;186;DUMMY1917;x
1918;127;3;59;DUMMY1918;x
1919;169;6;187;DUMMY1919;x
1920;1;9;60;DUMMY1920;x
1921;43;12;188;DUMMY1921;x
1922;85;15;61;DUMMY1922;x
1923;127;18;189;DUMMY1923;x
1924;169;21;62;DUMMY1924;x
1925;1;24;190;DUMMY1925;x
1926;43;27;63;DUMMY1926;x
1927;85;30;191;DUMMY1927;x
1928;127;33;64;DUMMY1928;x
1929;169;36;192;DUMMY1929;x
1930;1;39;65;DUMMY1930;x
1931;43;42;193;DUMMY1931;x
1932;85;45;66;DUMMY1932;x
1933;127;48;194;DUMMY1933;x
1934;169;51;67;DUMMY1934;x
1935;1;54;195;DUMMY1935;x
1936;43;57;68;DUMMY1936;x
1937;85;60;196;DUMMY1937;x
1938;127;63;69;DUMMY1938;x
1939;169;66;197;DUMMY1939;x
1940;1;69;70;DUMMY1940;x
1941;43;72;198;DUMMY1941;x
1942;85;75;71;DUMMY1942;x
1943;127;78;199;DUMMY1943;x
1944;169;81;72;DUMMY1944;x
1945;1;84;200;DUMMY1945;x
1946;43;87;73;DUMMY1946;x
1947;85;90;201;DUMMY1947;x
1948;127;93;74;DUMMY1948;x
1949;169;96;202;DUMMY1949;x
1950;1;99;75;DUMMY1950;x
1951;43;102;203;DUMMY1951;x
1952;85;105;76;DUMMY1952;x
1953;127;108;204;DUMMY1953;x
1954;169;111;77;DUMMY1954;x
1955;1;114;205;DUMMY1955;x
1956;43;117;78;DUMMY1956;x
1957;85;120;206;DUMMY1957;x
1958;127;123;79;DUMMY1958;x
1959;169;126;207;DUMMY1959;x
1960;1;129;80;DUMMY1960;x
1961;43;132;208;DUMMY1961;x
1962;85;135;81;DUMMY1962;x
1963;127;138;209;DUMMY1963;x
1964;169;141;82;DUMMY1964;x
1965;1;144;210;DUMMY1965;x
1966;43;147;83;DUMMY1966;x
1967;85;150;211;DUMMY1967;x
1968;127;153;84;DUMMY1968;x
1969;169;156;212;DUMMY1969;x
1970;1;159;85;DUMMY1970;x
1971;43;162;213;DUMMY1971;x
1972;85;165;86;DUMMY1972;x
1973;127;168;214;DUMMY1973;x
1974;169;171;87;DUMMY1974;x
1975;1;174;215;DUMMY1975;x
1976;43;177;88;DUMMY1976;x
1977;85;180;216;DUMMY1977;x
1978;127;183;89;DUMMY1978;x
1979;169;186;217;DUMMY1979;x
1980;1;189;90;DUMMY1980;x
1981;43;192;218;DUMMY1981;x
1982;85;195;91;DUMMY1982;x
1983;127;198;219;DUMMY1983;x
1984;169;201;92;DUMMY1984;x
1985;1;204;220;DUMMY1985;x
1986;43;207;93;DUMMY1986;x
1987;85;210;221;DUMMY1987;x
1988;127;0;94;DUMMY1988;x
1989;169;3;222;DUMMY1989;x
1990;1;6;95;DUMMY1990;x
1991;43;9;223;DUMMY1991;x
1992;85;12;96;DUMMY1992;x
1993;127;15;224;DUMMY1993;x
1994;169;18;97;DUMMY1994;x
1995;1;21;225;DUMMY1995;x
1996;43;24;98;DUMMY1996;x
1997;85;27;226;DUMMY1997;x
1998;127;30;99;DUMMY1998;x
1999;169;33;227;DUMMY1999;x
2000;255;202;0;La Paz;x
2001;149;255;0;Los Cabos;x
2002;0;255;163;Tijuana;x
2003;255;237;215;Mexicali;x
2004;110;38;53;Ensenada;x
2005;200;205;127;El Rosario;x
2006;255;197;39;El Arco;x
2007;93;73;26;Guerrero Negro;x
2008;173;164;177;Mulege;x
2009;210;255;251;Loreto;x
2010;28;132;31;San Diego;x
2011;26;78;27;Descanso;x
2012;0;145;47;Pendleton;x
2013;184;216;107;Imperial;x
2014;255;215;0;Orange;x
2015;141;214;33;Riverside;x
2016;87;140;9;Palm Springs;x
2017;128;73;182;Out Islands;x
2018;67;95;10;Blythe;x
2019;196;178;69;Los Angeles;x
2020;197;169;3;Antelope;x
2021;103;137;44;Ventura;x
2022;137;118;44;Tejon Pass;x
2023;159;219;70;Channel Islands;x
2024;126;179;34;Santa Barbara;x
2025;105;121;19;Obispo;x
2026;51;172;28;Monterey;x
2027;100;127;42;Bako;x
2028;120;107;20;San Benito;x
2029;129;156;35;San Jose;x
2030;55;218;59;Santa Cruz;x
2031;159;228;113;San Francisco;x
2032;73;148;23;Alameda;x
2033;83;201;31;Marin;x
2034;92;176;46;Tulare;x
2035;42;115;30;Avenal;x
2036;78;152;24;Fresno;x
2037;67;200;45;Tollhouse;x
2038;167;199;98;Stanislaus;x
2039;110;173;64;Madera;x
2040;94;145;15;Mariposa;x
2041;114;153;71;Tuolumne;x
2042;87;157;30;Contra Costa;x
2043;108;141;20;Napa;x
2044;20;141;69;Yolo;x
2045;33;123;12;San Joaquin;x
2046;20;141;32;Sacramento;x
2047;42;175;79;Yuba;x
2048;39;122;25;Butte;x
2049;106;188;51;Glenn;x
2050;79;173;54;Colusa;x
2051;117;116;34;Lake;x
2052;84;157;20;Sonoma;x
2053;58;193;68;Bragg;x
2054;151;141;29;Mendocino;x
2055;58;193;176;Humboldt;x
2056;34;120;109;Eureka;x
2057;51;188;132;Redwood;x
2058;178;149;62;Klamath;x
2059;38;169;66;Redding;x
2060;109;75;15;Mount Shasta;x
2061;105;86;57;Yreka;x
2062;130;96;31;Tehama;x
2063;137;138;38;Dorado;x
2064;109;106;35;Tahoe;x
2065;152;151;28;Lassen;x
2066;195;199;80;Modoc;x
2067;221;198;92;Black Rock;x
2068;152;121;28;Reno;x
2069;88;67;35;Carson;x
2070;196;187;135;Ridgecrest;x
2071;228;217;140;Inyo;x
2072;225;221;112;Hawthorne;x
2073;201;206;65;Las Vegas;x
2074;185;189;73;Grand Canyon;x
2075;208;211;118;Barstow;x
2076;149;185;102;Solano;x
2077;148;158;34;Joshua Tree;x
2078;206;240;206;St. Johns;x
2079;140;167;228;Fortune Bay;x
2080;200;197;213;St. Mary;x
2081;100;164;182;Bonavista;x
2082;43;164;216;Anguille;x
2083;91;115;234;St. Anthony;x
2084;91;121;64;Netagamiou;x
2085;103;216;197;Thule;x
2086;158;194;79;Tortuga;x
2087;167;134;52;St. Kitts and Nevis;x
2088;52;97;209;Grenada;x
2089;128;100;237;Labrador;x
2090;155;115;52;Goose Bay;x
2091;188;27;109;Port Hardy;x
2092;240;85;140;Nootka;x
2093;125;188;97;Edmonton;x
2094;107;185;164;Red Deer;x
2095;185;97;21;Lloydminster;x
2096;67;124;33;Nemaska;x
2097;0;213;137;Chibougamau;x
2098;82;203;27;Matagami;x
2099;219;112;27;Abitibi;x
2100;100;179;137;Vallee-de-l'Or;x
2101;185;124;149;Ahtahkakoop;x
2102;161;213;206;Clearwater;x
2103;73;161;182;Nipawin;x
2104;131;100;188;Zapata;x
2105;182;158;203;Sancti Spiritus;x
2106;44;141;53;La Gonave;x
2107;86;144;181;La Vega;x
2108;128;147;54;Canada;x
2109;170;150;182;Acuna;x
2110;2;153;55;El Cielo;x
2111;44;156;183;Panuco;x
2112;86;159;56;DUMMY2112;x
2113;128;162;184;DUMMY2113;x
2114;170;165;57;DUMMY2114;x
2115;2;168;185;DUMMY2115;x
2116;44;171;58;DUMMY2116;x
2117;86;174;186;DUMMY2117;x
2118;128;177;59;DUMMY2118;x
2119;170;180;187;DUMMY2119;x
2120;2;183;60;DUMMY2120;x
2121;44;186;188;DUMMY2121;x
2122;86;189;61;DUMMY2122;x
2123;128;192;189;DUMMY2123;x
2124;170;195;62;DUMMY2124;x
2125;2;198;190;DUMMY2125;x
2126;44;201;63;DUMMY2126;x
2127;86;204;191;DUMMY2127;x
2128;128;207;64;DUMMY2128;x
2129;170;210;192;DUMMY2129;x
2130;2;0;65;DUMMY2130;x
2131;44;3;193;DUMMY2131;x
2132;86;6;66;DUMMY2132;x
2133;128;9;194;DUMMY2133;x
2134;170;12;67;DUMMY2134;x
2135;2;15;195;DUMMY2135;x
2136;44;18;68;DUMMY2136;x
2137;86;21;196;DUMMY2137;x
2138;128;24;69;DUMMY2138;x
2139;170;27;197;DUMMY2139;x
2140;2;30;70;DUMMY2140;x
2141;44;33;198;DUMMY2141;x
2142;86;36;71;DUMMY2142;x
2143;128;39;199;DUMMY2143;x
2144;170;42;72;DUMMY2144;x
2145;2;45;200;DUMMY2145;x
2146;44;48;73;DUMMY2146;x
2147;86;51;201;DUMMY2147;x
2148;128;54;74;DUMMY2148;x
2149;170;57;202;DUMMY2149;x
2150;2;60;75;DUMMY2150;x
2151;44;63;203;DUMMY2151;x
2152;86;66;76;DUMMY2152;x
2153;128;69;204;DUMMY2153;x
2154;170;72;77;DUMMY2154;x
2155;2;75;205;DUMMY2155;x
2156;44;78;78;DUMMY2156;x
2157;86;81;206;DUMMY2157;x
2158;128;84;79;DUMMY2158;x
2159;170;87;207;DUMMY2159;x
2160;2;90;80;DUMMY2160;x
2161;44;93;208;DUMMY2161;x
2162;86;96;81;DUMMY2162;x
2163;128;99;209;DUMMY2163;x
2164;170;102;82;DUMMY2164;x
2165;2;105;210;DUMMY2165;x
2166;44;108;83;DUMMY2166;x
2167;86;111;211;DUMMY2167;x
2168;128;114;84;DUMMY2168;x
2169;170;117;212;DUMMY2169;x
2170;2;120;85;DUMMY2170;x
2171;44;123;213;DUMMY2171;x
2172;86;126;86;DUMMY2172;x
2173;128;129;214;DUMMY2173;x
2174;170;132;87;DUMMY2174;x
2175;2;135;215;DUMMY2175;x
2176;44;138;88;DUMMY2176;x
2177;86;141;216;DUMMY2177;x
2178;128;144;89;DUMMY2178;x
2179;170;147;217;DUMMY2179;x
2180;2;150;90;DUMMY2180;x
2181;44;153;218;DUMMY2181;x
2182;86;156;91;DUMMY2182;x
2183;128;159;219;DUMMY2183;x
2184;170;162;92;DUMMY2184;x
2185;2;165;220;DUMMY2185;x
2186;44;168;93;DUMMY2186;x
2187;86;171;221;DUMMY2187;x
2188;128;174;94;DUMMY2188;x
2189;170;177;222;DUMMY2189;x
2190;2;180;95;DUMMY2190;x
2191;44;183;223;DUMMY2191;x
2192;86;186;96;DUMMY2192;x
2193;128;189;224;DUMMY2193;x
2194;170;192;97;DUMMY2194;x
2195;2;195;225;DUMMY2195;x
2196;44;198;98;DUMMY2196;x
2197;86;201;226;DUMMY2197;x
2198;128;204;99;DUMMY2198;x
2199;170;207;227;DUMMY2199;x
2200;2;210;0;DUMMY2200;x
2201;44;0;128;DUMMY2201;x
2202;86;3;1;DUMMY2202;x
2203;128;6;129;DUMMY2203;x
2204;170;9;2;DUMMY2204;x
2205;2;12;130;DUMMY2205;x
2206;44;15;3;DUMMY2206;x
2207;86;18;131;DUMMY2207;x
2208;128;21;4;DUMMY2208;x
2209;170;24;132;DUMMY2209;x
2210;2;27;5;DUMMY2210;x
2211;44;30;133;DUMMY2211;x
2212;86;33;6;DUMMY2212;x
2213;128;36;134;DUMMY2213;x
2214;170;39;7;DUMMY2214;x
2215;2;42;135;DUMMY2215;x
2216;44;45;8;DUMMY2216;x
2217;86;48;136;DUMMY2217;x
2218;128;51;9;DUMMY2218;x
2219;170;54;137;DUMMY2219;x
2220;2;57;10;DUMMY2220;x
2221;44;60;138;DUMMY2221;x
2222;86;63;11;DUMMY2222;x
2223;128;66;139;DUMMY2223;x
2224;170;69;12;DUMMY2224;x
2225;2;72;140;DUMMY2225;x
2226;44;75;13;DUMMY2226;x
2227;86;78;141;DUMMY2227;x
2228;128;81;14;DUMMY2228;x
2229;170;84;142;DUMMY2229;x
2230;2;87;15;DUMMY2230;x
2231;44;90;143;DUMMY2231;x
2232;86;93;16;DUMMY2232;x
2233;128;96;144;DUMMY2233;x
2234;170;99;17;DUMMY2234;x
2235;2;102;145;DUMMY2235;x
2236;44;105;18;DUMMY2236;x
2237;86;108;146;DUMMY2237;x
2238;128;111;19;DUMMY2238;x
2239;170;114;147;DUMMY2239;x
2240;2;117;20;DUMMY2240;x
2241;44;120;148;DUMMY2241;x
2242;86;123;21;DUMMY2242;x
2243;128;126;149;DUMMY2243;x
2244;170;129;22;DUMMY2244;x
2245;2;132;150;DUMMY2245;x
2246;44;135;23;DUMMY2246;x
2247;86;138;151;DUMMY2247;x
2248;128;141;24;DUMMY2248;x
2249;170;144;152;DUMMY2249;x
2250;2;147;25;DUMMY2250;x
2251;44;150;153;DUMMY2251;x
2252;86;153;26;DUMMY2252;x
2253;128;156;154;DUMMY2253;x
2254;170;159;27;DUMMY2254;x
2255;2;162;155;DUMMY2255;x
2256;44;165;28;DUMMY2256;x
2257;86;168;156;DUMMY2257;x
2258;128;171;29;DUMMY2258;x
2259;170;174;157;DUMMY2259;x
2260;2;177;30;DUMMY2260;x
2261;44;180;158;DUMMY2261;x
2262;86;183;31;DUMMY2262;x
2263;128;186;159;DUMMY2263;x
2264;170;189;32;DUMMY2264;x
2265;2;192;160;DUMMY2265;x
2266;44;195;33;DUMMY2266;x
2267;86;198;161;DUMMY2267;x
2268;128;201;34;DUMMY2268;x
2269;170;204;162;DUMMY2269;x
2270;2;207;35;DUMMY2270;x
2271;44;210;163;DUMMY2271;x
2272;86;0;36;DUMMY2272;x
2273;128;3;164;DUMMY2273;x
2274;170;6;37;DUMMY2274;x
2275;2;9;165;DUMMY2275;x
2276;44;12;38;DUMMY2276;x
2277;86;15;166;DUMMY2277;x
2278;128;18;39;DUMMY2278;x
2279;170;21;167;DUMMY2279;x
2280;2;24;40;DUMMY2280;x
2281;44;27;168;DUMMY2281;x
2282;86;30;41;DUMMY2282;x
2283;128;33;169;DUMMY2283;x
2284;170;36;42;DUMMY2284;x
2285;2;39;170;DUMMY2285;x
2286;44;42;43;DUMMY2286;x
2287;86;45;171;DUMMY2287;x
2288;128;48;44;DUMMY2288;x
2289;170;51;172;DUMMY2289;x
2290;2;54;45;DUMMY2290;x
2291;44;57;173;DUMMY2291;x
2292;86;60;46;DUMMY2292;x
2293;128;63;174;DUMMY2293;x
2294;170;66;47;DUMMY2294;x
2295;2;69;175;DUMMY2295;x
2296;44;72;48;DUMMY2296;x
2297;86;75;176;DUMMY2297;x
2298;128;78;49;DUMMY2298;x
2299;170;81;177;DUMMY2299;x
2300;2;84;50;DUMMY2300;x
2301;44;87;178;DUMMY2301;x
2302;86;90;51;DUMMY2302;x
2303;128;93;179;DUMMY2303;x
2304;170;96;52;DUMMY2304;x
2305;2;99;180;DUMMY2305;x
2306;44;102;53;DUMMY2306;x
2307;86;105;181;DUMMY2307;x
2308;128;108;54;DUMMY2308;x
2309;170;111;182;DUMMY2309;x
2310;2;114;55;DUMMY2310;x
2311;44;117;183;DUMMY2311;x
2312;86;120;56;DUMMY2312;x
2313;128;123;184;DUMMY2313;x
2314;170;126;57;DUMMY2314;x
2315;2;129;185;DUMMY2315;x
2316;44;132;58;DUMMY2316;x
2317;43;63;148;DUMMY2317;x
2318;85;66;21;DUMMY2318;x
2319;127;69;149;DUMMY2319;x
2320;169;72;22;DUMMY2320;x
2321;1;75;150;DUMMY2321;x
2322;43;78;23;DUMMY2322;x
2323;85;81;151;DUMMY2323;x
2324;127;84;24;DUMMY2324;x
2325;169;87;152;DUMMY2325;x
2326;1;90;25;DUMMY2326;x
2327;43;93;153;DUMMY2327;x
2328;85;96;26;DUMMY2328;x
2329;127;99;154;DUMMY2329;x
2330;169;102;27;DUMMY2330;x
2331;1;105;155;DUMMY2331;x
2332;43;108;28;DUMMY2332;x
2333;128;183;194;DUMMY2333;x
2334;170;186;67;DUMMY2334;x
2335;2;189;195;DUMMY2335;x
2336;44;192;68;DUMMY2336;x
2337;86;195;196;DUMMY2337;x
2338;128;198;69;DUMMY2338;x
2339;85;111;156;DUMMY2339;x
2340;127;114;29;DUMMY2340;x
2341;169;117;157;DUMMY2341;x
2342;86;210;71;DUMMY2342;x
2343;128;0;199;DUMMY2343;x
2344;170;3;72;DUMMY2344;x
2345;2;6;200;DUMMY2345;x
2346;44;9;73;DUMMY2346;x
2347;86;12;201;DUMMY2347;x
2348;128;15;74;DUMMY2348;x
2349;170;18;202;DUMMY2349;x
2350;2;21;75;DUMMY2350;x
2351;44;24;203;DUMMY2351;x
2352;86;27;76;DUMMY2352;x
2353;128;30;204;DUMMY2353;x
2354;170;33;77;DUMMY2354;x
2355;2;36;205;DUMMY2355;x
2356;44;39;78;DUMMY2356;x
2357;86;42;206;DUMMY2357;x
2358;128;45;79;DUMMY2358;x
2359;170;48;207;DUMMY2359;x
2360;2;51;80;DUMMY2360;x
2361;44;54;208;DUMMY2361;x
2362;86;57;81;DUMMY2362;x
2363;128;60;209;DUMMY2363;x
2364;170;63;82;DUMMY2364;x
2365;2;66;210;DUMMY2365;x
2366;44;69;83;DUMMY2366;x
2367;86;72;211;DUMMY2367;x
2368;128;75;84;DUMMY2368;x
2369;170;78;212;DUMMY2369;x
2370;2;81;85;DUMMY2370;x
2371;44;84;213;DUMMY2371;x
2372;86;87;86;DUMMY2372;x
2373;128;90;214;DUMMY2373;x
2374;170;93;87;DUMMY2374;x
2375;2;96;215;DUMMY2375;x
2376;44;99;88;DUMMY2376;x
2377;86;102;216;DUMMY2377;x
2378;128;105;89;DUMMY2378;x
2379;170;108;217;DUMMY2379;x
2380;2;111;90;DUMMY2380;x
2381;44;114;218;DUMMY2381;x
2382;86;117;91;DUMMY2382;x
2383;128;120;219;DUMMY2383;x
2384;170;123;92;DUMMY2384;x
2385;2;126;220;DUMMY2385;x
2386;44;129;93;DUMMY2386;x
2387;86;132;221;DUMMY2387;x
2388;128;135;94;DUMMY2388;x
2389;170;138;222;DUMMY2389;x
2390;2;141;95;DUMMY2390;x
2391;44;144;223;DUMMY2391;x
2392;86;147;96;DUMMY2392;x
2393;128;150;224;DUMMY2393;x
2394;170;153;97;DUMMY2394;x
2395;2;156;225;DUMMY2395;x
2396;44;159;98;DUMMY2396;x
2397;86;162;226;DUMMY2397;x
2398;128;165;99;DUMMY2398;x
2399;170;168;227;DUMMY2399;x
2400;2;171;0;DUMMY2400;x
2401;44;174;128;DUMMY2401;x
2402;86;177;1;DUMMY2402;x
2403;128;180;129;DUMMY2403;x
2404;170;183;2;DUMMY2404;x
2405;2;186;130;DUMMY2405;x
2406;44;189;3;DUMMY2406;x
2407;86;192;131;DUMMY2407;x
2408;128;195;4;DUMMY2408;x
2409;170;198;132;DUMMY2409;x
2410;2;201;5;DUMMY2410;x
2411;44;204;133;DUMMY2411;x
2412;86;207;6;DUMMY2412;x
2413;128;210;134;DUMMY2413;x
2414;170;0;7;DUMMY2414;x
2415;2;3;135;DUMMY2415;x
2416;44;6;8;DUMMY2416;x
2417;86;9;136;DUMMY2417;x
2418;128;12;9;DUMMY2418;x
2419;170;15;137;DUMMY2419;x
2420;2;18;10;DUMMY2420;x
2421;44;21;138;DUMMY2421;x
2422;86;24;11;DUMMY2422;x
2423;128;27;139;DUMMY2423;x
2424;170;30;12;DUMMY2424;x
2425;2;33;140;DUMMY2425;x
2426;44;36;13;DUMMY2426;x
2427;86;39;141;DUMMY2427;x
2428;128;42;14;DUMMY2428;x
2429;170;45;142;DUMMY2429;x
2430;2;48;15;DUMMY2430;x
2431;44;51;143;DUMMY2431;x
2432;86;54;16;DUMMY2432;x
2433;128;57;144;DUMMY2433;x
2434;170;60;17;DUMMY2434;x
2435;2;63;145;DUMMY2435;x
2436;44;66;18;DUMMY2436;x
2437;86;69;146;DUMMY2437;x
2438;128;72;19;DUMMY2438;x
2439;170;75;147;DUMMY2439;x
2440;2;78;20;DUMMY2440;x
2441;44;81;148;DUMMY2441;x
2442;86;84;21;DUMMY2442;x
2443;128;87;149;DUMMY2443;x
2444;170;90;22;DUMMY2444;x
2445;2;93;150;DUMMY2445;x
2446;44;96;23;DUMMY2446;x
2447;86;99;151;DUMMY2447;x
2448;128;102;24;DUMMY2448;x
2449;170;105;152;DUMMY2449;x
2450;2;108;25;DUMMY2450;x
2451;44;111;153;DUMMY2451;x
2452;86;114;26;DUMMY2452;x
2453;128;117;154;DUMMY2453;x
2454;170;120;27;DUMMY2454;x
2455;2;123;155;DUMMY2455;x
2456;44;126;28;DUMMY2456;x
2457;86;129;156;DUMMY2457;x
2458;128;132;29;DUMMY2458;x
2459;170;135;157;DUMMY2459;x
2460;2;138;30;DUMMY2460;x
2461;44;141;158;DUMMY2461;x
2462;86;144;31;DUMMY2462;x
2463;128;147;159;DUMMY2463;x
2464;170;150;32;DUMMY2464;x
2465;2;153;160;DUMMY2465;x
2466;44;156;33;DUMMY2466;x
2467;86;159;161;DUMMY2467;x
2468;128;162;34;DUMMY2468;x
2469;170;165;162;DUMMY2469;x
2470;2;168;35;DUMMY2470;x
2471;44;171;163;DUMMY2471;x
2472;86;174;36;DUMMY2472;x
2473;128;177;164;DUMMY2473;x
2474;170;180;37;DUMMY2474;x
2475;2;183;165;DUMMY2475;x
2476;44;186;38;DUMMY2476;x
2477;86;189;166;DUMMY2477;x
2478;128;192;39;DUMMY2478;x
2479;170;195;167;DUMMY2479;x
2480;2;198;40;DUMMY2480;x
2481;44;201;168;DUMMY2481;x
2482;86;204;41;DUMMY2482;x
2483;128;207;169;DUMMY2483;x
2484;170;210;42;DUMMY2484;x
2485;2;0;170;DUMMY2485;x
2486;44;3;43;DUMMY2486;x
2487;86;6;171;DUMMY2487;x
2488;128;9;44;DUMMY2488;x
2489;170;12;172;DUMMY2489;x
2490;2;15;45;DUMMY2490;x
2491;44;18;173;DUMMY2491;x
2492;86;21;46;DUMMY2492;x
2493;128;24;174;DUMMY2493;x
2494;170;27;47;DUMMY2494;x
2495;2;30;175;DUMMY2495;x
2496;44;33;48;DUMMY2496;x
2497;86;36;176;DUMMY2497;x
2498;128;39;49;DUMMY2498;x
2499;170;42;177;DUMMY2499;x
2500;2;45;50;DUMMY2500;x
2501;44;48;178;DUMMY2501;x
2502;86;51;51;DUMMY2502;x
2503;128;54;179;DUMMY2503;x
2504;170;57;52;DUMMY2504;x
2505;2;60;180;DUMMY2505;x
2506;44;63;53;DUMMY2506;x
2507;86;66;181;DUMMY2507;x
2508;128;69;54;DUMMY2508;x
2509;170;72;182;DUMMY2509;x
2510;2;75;55;DUMMY2510;x
2511;44;78;183;DUMMY2511;x
2512;86;81;56;DUMMY2512;x
2513;128;84;184;DUMMY2513;x
2514;170;87;57;DUMMY2514;x
2515;2;90;185;DUMMY2515;x
2516;44;93;58;DUMMY2516;x
2517;86;96;186;DUMMY2517;x
2518;128;99;59;DUMMY2518;x
2519;170;102;187;DUMMY2519;x
2520;2;105;60;DUMMY2520;x
2521;44;108;188;DUMMY2521;x
2522;86;111;61;DUMMY2522;x
2523;128;114;189;DUMMY2523;x
2524;170;117;62;DUMMY2524;x
2525;2;120;190;DUMMY2525;x
2526;44;123;63;DUMMY2526;x
2527;86;126;191;DUMMY2527;x
2528;128;129;64;DUMMY2528;x
2529;170;132;192;DUMMY2529;x
2530;2;135;65;DUMMY2530;x
2531;44;138;193;DUMMY2531;x
2532;86;141;66;DUMMY2532;x
2533;128;144;194;DUMMY2533;x
2534;170;147;67;DUMMY2534;x
2535;2;150;195;DUMMY2535;x
2536;44;153;68;DUMMY2536;x
2537;86;156;196;DUMMY2537;x
2538;128;159;69;DUMMY2538;x
2539;170;162;197;DUMMY2539;x
2540;2;165;70;DUMMY2540;x
2541;44;168;198;DUMMY2541;x
2542;86;171;71;DUMMY2542;x
2543;128;174;199;DUMMY2543;x
2544;170;177;72;DUMMY2544;x
2545;2;180;200;DUMMY2545;x
2546;44;183;73;DUMMY2546;x
2547;86;186;201;DUMMY2547;x
2548;128;189;74;DUMMY2548;x
2549;170;192;202;DUMMY2549;x
2550;2;195;75;DUMMY2550;x
2551;44;198;203;DUMMY2551;x
2552;86;201;76;DUMMY2552;x
2553;128;204;204;DUMMY2553;x
2554;170;207;77;DUMMY2554;x
2555;2;210;205;DUMMY2555;x
2556;44;0;78;DUMMY2556;x
2557;86;3;206;DUMMY2557;x
2558;128;6;79;DUMMY2558;x
2559;170;9;207;DUMMY2559;x
2560;2;12;80;DUMMY2560;x
2561;44;15;208;DUMMY2561;x
2562;86;18;81;DUMMY2562;x
2563;128;21;209;DUMMY2563;x
2564;170;24;82;DUMMY2564;x
2565;2;27;210;DUMMY2565;x
2566;44;30;83;DUMMY2566;x
2567;86;33;211;DUMMY2567;x
2568;128;36;84;DUMMY2568;x
2569;170;39;212;DUMMY2569;x
2570;2;42;85;DUMMY2570;x
2571;44;45;213;DUMMY2571;x
2572;86;48;86;DUMMY2572;x
2573;128;51;214;DUMMY2573;x
2574;170;54;87;DUMMY2574;x
2575;2;57;215;DUMMY2575;x
2576;44;60;88;DUMMY2576;x
2577;86;63;216;DUMMY2577;x
2578;128;66;89;DUMMY2578;x
2579;170;69;217;DUMMY2579;x
2580;2;72;90;DUMMY2580;x
2581;44;75;218;DUMMY2581;x
2582;86;78;91;DUMMY2582;x
2583;128;81;219;DUMMY2583;x
2584;170;84;92;DUMMY2584;x
2585;2;87;220;DUMMY2585;x
2586;44;90;93;DUMMY2586;x
2587;86;93;221;DUMMY2587;x
2588;128;96;94;DUMMY2588;x
2589;170;99;222;DUMMY2589;x
2590;2;102;95;DUMMY2590;x
2591;44;105;223;DUMMY2591;x
2592;86;108;96;DUMMY2592;x
2593;128;111;224;DUMMY2593;x
2594;170;114;97;DUMMY2594;x
2595;2;117;225;DUMMY2595;x
2596;44;120;98;DUMMY2596;x
2597;86;123;226;DUMMY2597;x
2598;128;126;99;DUMMY2598;x
2599;170;129;227;DUMMY2599;x
2600;2;132;0;DUMMY2600;x
2601;44;135;128;DUMMY2601;x
2602;86;138;1;DUMMY2602;x
2603;128;141;129;DUMMY2603;x
2604;170;144;2;DUMMY2604;x
2605;2;147;130;DUMMY2605;x
2606;44;150;3;DUMMY2606;x
2607;86;153;131;DUMMY2607;x
2608;128;156;4;DUMMY2608;x
2609;170;159;132;DUMMY2609;x
2610;2;162;5;DUMMY2610;x
2611;44;165;133;DUMMY2611;x
2612;86;168;6;DUMMY2612;x
2613;128;171;134;DUMMY2613;x
2614;170;174;7;DUMMY2614;x
2615;2;177;135;DUMMY2615;x
2616;44;180;8;DUMMY2616;x
2617;86;183;136;DUMMY2617;x
2618;128;186;9;DUMMY2618;x
2619;170;189;137;DUMMY2619;x
2620;2;192;10;DUMMY2620;x
2621;44;195;138;DUMMY2621;x
2622;86;198;11;DUMMY2622;x
2623;128;201;139;DUMMY2623;x
2624;170;204;12;DUMMY2624;x
2625;2;207;140;DUMMY2625;x
2626;44;210;13;DUMMY2626;x
2627;86;0;141;DUMMY2627;x
2628;128;3;14;DUMMY2628;x
2629;170;6;142;DUMMY2629;x
2630;2;9;15;DUMMY2630;x
2631;44;12;143;DUMMY2631;x
2632;86;15;16;DUMMY2632;x
2633;128;18;144;DUMMY2633;x
2634;170;21;17;DUMMY2634;x
2635;2;24;145;DUMMY2635;x
2636;44;27;18;DUMMY2636;x
2637;86;30;146;DUMMY2637;x
2638;128;33;19;DUMMY2638;x
2639;170;36;147;DUMMY2639;x
2640;2;39;20;DUMMY2640;x
2641;44;42;148;DUMMY2641;x
2642;86;45;21;DUMMY2642;x
2643;128;48;149;DUMMY2643;x
2644;170;51;22;DUMMY2644;x
2645;2;54;150;DUMMY2645;x
2646;44;57;23;DUMMY2646;x
2647;86;60;151;DUMMY2647;x
2648;128;63;24;DUMMY2648;x
2649;170;66;152;DUMMY2649;x
2650;2;69;25;DUMMY2650;x
2651;44;72;153;DUMMY2651;x
2652;86;75;26;DUMMY2652;x
2653;128;78;154;DUMMY2653;x
2654;170;81;27;DUMMY2654;x
2655;2;84;155;DUMMY2655;x
2656;44;87;28;DUMMY2656;x
2657;86;90;156;DUMMY2657;x
2658;128;93;29;DUMMY2658;x
2659;170;96;157;DUMMY2659;x
2660;2;99;30;DUMMY2660;x
2661;44;102;158;DUMMY2661;x
2662;86;105;31;DUMMY2662;x
2663;128;108;159;DUMMY2663;x
2664;170;111;32;DUMMY2664;x
2665;2;114;160;DUMMY2665;x
2666;44;117;33;DUMMY2666;x
2667;86;120;161;DUMMY2667;x
2668;128;123;34;DUMMY2668;x
2669;170;126;162;DUMMY2669;x
2670;2;129;35;DUMMY2670;x
2671;44;132;163;DUMMY2671;x
2672;86;135;36;DUMMY2672;x
2673;128;138;164;DUMMY2673;x
2674;170;141;37;DUMMY2674;x
2675;2;144;165;DUMMY2675;x
2676;44;147;38;DUMMY2676;x
2677;86;150;166;DUMMY2677;x
2678;128;153;39;DUMMY2678;x
2679;170;156;167;DUMMY2679;x
2680;2;159;40;DUMMY2680;x
2681;44;162;168;DUMMY2681;x
2682;86;165;41;DUMMY2682;x
2683;128;168;169;DUMMY2683;x
2684;170;171;42;DUMMY2684;x
2685;2;174;170;DUMMY2685;x
2686;44;177;43;DUMMY2686;x
2687;86;180;171;DUMMY2687;x
2688;128;183;44;DUMMY2688;x
2689;170;186;172;DUMMY2689;x
2690;2;189;45;DUMMY2690;x
2691;44;192;173;DUMMY2691;x
2692;86;195;46;DUMMY2692;x
2693;128;198;174;DUMMY2693;x
2694;170;201;47;DUMMY2694;x
2695;2;204;175;DUMMY2695;x
2696;44;207;48;DUMMY2696;x
2697;86;210;176;DUMMY2697;x
2698;128;0;49;DUMMY2698;x
2699;170;3;177;DUMMY2699;x
2700;2;6;50;DUMMY2700;x
2701;44;9;178;DUMMY2701;x
2702;86;12;51;DUMMY2702;x
2703;128;15;179;DUMMY2703;x
2704;170;18;52;DUMMY2704;x
2705;2;21;180;DUMMY2705;x
2706;44;24;53;DUMMY2706;x
2707;86;27;181;DUMMY2707;x
2708;128;30;54;DUMMY2708;x
2709;170;33;182;DUMMY2709;x
2710;2;36;55;DUMMY2710;x
2711;44;39;183;DUMMY2711;x
2712;86;42;56;DUMMY2712;x
2713;128;45;184;DUMMY2713;x
2714;170;48;57;DUMMY2714;x
2715;2;51;185;DUMMY2715;x
2716;44;54;58;DUMMY2716;x
2717;86;57;186;DUMMY2717;x
2718;128;60;59;DUMMY2718;x
2719;170;63;187;DUMMY2719;x
2720;2;66;60;DUMMY2720;x
2721;44;69;188;DUMMY2721;x
2722;86;72;61;DUMMY2722;x
2723;128;75;189;DUMMY2723;x
2724;170;78;62;DUMMY2724;x
2725;2;81;190;DUMMY2725;x
2726;44;84;63;DUMMY2726;x
2727;86;87;191;DUMMY2727;x
2728;128;90;64;DUMMY2728;x
2729;170;93;192;DUMMY2729;x
2730;2;96;65;DUMMY2730;x
2731;44;99;193;DUMMY2731;x
2732;86;102;66;DUMMY2732;x
2733;128;105;194;DUMMY2733;x
2734;170;108;67;DUMMY2734;x
2735;2;111;195;DUMMY2735;x
2736;44;114;68;DUMMY2736;x
2737;86;117;196;DUMMY2737;x
2738;128;120;69;DUMMY2738;x
2739;170;123;197;DUMMY2739;x
2740;2;126;70;DUMMY2740;x
2741;44;129;198;DUMMY2741;x
2742;86;132;71;DUMMY2742;x
2743;128;135;199;DUMMY2743;x
2744;170;138;72;DUMMY2744;x
2745;2;141;200;DUMMY2745;x
2746;44;144;73;DUMMY2746;x
2747;86;147;201;DUMMY2747;x
2748;128;150;74;DUMMY2748;x
2749;170;153;202;DUMMY2749;x
2750;2;156;75;DUMMY2750;x
2751;44;159;203;DUMMY2751;x
2752;86;162;76;DUMMY2752;x
2753;128;165;204;DUMMY2753;x
2754;170;168;77;DUMMY2754;x
2755;2;171;205;DUMMY2755;x
2756;44;174;78;DUMMY2756;x
2757;86;177;206;DUMMY2757;x
2758;128;180;79;DUMMY2758;x
2759;170;183;207;DUMMY2759;x
2760;2;186;80;DUMMY2760;x
2761;44;189;208;DUMMY2761;x
2762;86;192;81;DUMMY2762;x
2763;128;195;209;DUMMY2763;x
2764;170;198;82;DUMMY2764;x
2765;2;201;210;DUMMY2765;x
2766;44;204;83;DUMMY2766;x
2767;86;207;211;DUMMY2767;x
2768;128;210;84;DUMMY2768;x
2769;170;0;212;DUMMY2769;x
2770;2;3;85;DUMMY2770;x
2771;44;6;213;DUMMY2771;x
2772;86;9;86;DUMMY2772;x
2773;128;12;214;DUMMY2773;x
2774;170;15;87;DUMMY2774;x
2775;2;18;215;DUMMY2775;x
2776;44;21;88;DUMMY2776;x
2777;86;24;216;DUMMY2777;x
2778;128;27;89;DUMMY2778;x
2779;170;30;217;DUMMY2779;x
2780;2;33;90;DUMMY2780;x
2781;44;36;218;DUMMY2781;x
2782;86;39;91;DUMMY2782;x
2783;128;42;219;DUMMY2783;x
2784;170;45;92;DUMMY2784;x
2785;2;48;220;DUMMY2785;x
2786;44;51;93;DUMMY2786;x
2787;86;54;221;DUMMY2787;x
2788;128;57;94;DUMMY2788;x
2789;170;60;222;DUMMY2789;x
2790;2;63;95;DUMMY2790;x
2791;44;66;223;DUMMY2791;x
2792;86;69;96;DUMMY2792;x
2793;128;72;224;DUMMY2793;x
2794;170;75;97;DUMMY2794;x
2795;2;78;225;DUMMY2795;x
2796;44;81;98;DUMMY2796;x
2797;86;84;226;DUMMY2797;x
2798;128;87;99;DUMMY2798;x
2799;170;90;227;DUMMY2799;x
2800;2;93;0;DUMMY2800;x
2801;44;96;128;DUMMY2801;x
2802;86;99;1;DUMMY2802;x
2803;128;102;129;DUMMY2803;x
2804;170;105;2;DUMMY2804;x
2805;2;108;130;DUMMY2805;x
2806;44;111;3;DUMMY2806;x
2807;86;114;131;DUMMY2807;x
2808;128;117;4;DUMMY2808;x
2809;170;120;132;DUMMY2809;x
2810;2;123;5;DUMMY2810;x
2811;44;126;133;DUMMY2811;x
2812;86;129;6;DUMMY2812;x
2813;128;132;134;DUMMY2813;x
2814;170;135;7;DUMMY2814;x
2815;2;138;135;DUMMY2815;x
2816;44;141;8;DUMMY2816;x
2817;86;144;136;DUMMY2817;x
2818;128;147;9;DUMMY2818;x
2819;170;150;137;DUMMY2819;x
2820;2;153;10;DUMMY2820;x
2821;44;156;138;DUMMY2821;x
2822;86;159;11;DUMMY2822;x
2823;128;162;139;DUMMY2823;x
2824;170;165;12;DUMMY2824;x
2825;2;168;140;DUMMY2825;x
2826;44;171;13;DUMMY2826;x
2827;86;174;141;DUMMY2827;x
2828;128;177;14;DUMMY2828;x
2829;170;180;142;DUMMY2829;x
2830;2;183;15;DUMMY2830;x
2831;44;186;143;DUMMY2831;x
2832;86;189;16;DUMMY2832;x
2833;128;192;144;DUMMY2833;x
2834;170;195;17;DUMMY2834;x
2835;2;198;145;DUMMY2835;x
2836;44;201;18;DUMMY2836;x
2837;86;204;146;DUMMY2837;x
2838;128;207;19;DUMMY2838;x
2839;170;210;147;DUMMY2839;x
2840;2;0;20;DUMMY2840;x
2841;44;3;148;DUMMY2841;x
2842;86;6;21;DUMMY2842;x
2843;128;9;149;DUMMY2843;x
2844;170;12;22;DUMMY2844;x
2845;2;15;150;DUMMY2845;x
2846;44;18;23;DUMMY2846;x
2847;86;21;151;DUMMY2847;x
2848;128;24;24;DUMMY2848;x
2849;170;27;152;DUMMY2849;x
2850;2;30;25;DUMMY2850;x
2851;44;33;153;DUMMY2851;x
2852;86;36;26;DUMMY2852;x
2853;128;39;154;DUMMY2853;x
2854;170;42;27;DUMMY2854;x
2855;2;45;155;DUMMY2855;x
2856;44;48;28;DUMMY2856;x
2857;86;51;156;DUMMY2857;x
2858;128;54;29;DUMMY2858;x
2859;170;57;157;DUMMY2859;x
2860;2;60;30;DUMMY2860;x
2861;44;63;158;DUMMY2861;x
2862;86;66;31;DUMMY2862;x
2863;128;69;159;DUMMY2863;x
2864;170;72;32;DUMMY2864;x
2865;2;75;160;DUMMY2865;x
2866;44;78;33;DUMMY2866;x
2867;86;81;161;DUMMY2867;x
2868;128;84;34;DUMMY2868;x
2869;170;87;162;DUMMY2869;x
2870;2;90;35;DUMMY2870;x
2871;44;93;163;DUMMY2871;x
2872;86;96;36;DUMMY2872;x
2873;128;99;164;DUMMY2873;x
2874;170;102;37;DUMMY2874;x
2875;2;105;165;DUMMY2875;x
2876;44;108;38;DUMMY2876;x
2877;86;111;166;DUMMY2877;x
2878;128;114;39;DUMMY2878;x
2879;170;117;167;DUMMY2879;x
2880;2;120;40;DUMMY2880;x
2881;44;123;168;DUMMY2881;x
2882;86;126;41;DUMMY2882;x
2883;128;129;169;DUMMY2883;x
2884;170;132;42;DUMMY2884;x
2885;2;135;170;DUMMY2885;x
2886;44;138;43;DUMMY2886;x
2887;86;141;171;DUMMY2887;x
2888;128;144;44;DUMMY2888;x
2889;170;147;172;DUMMY2889;x
2890;2;150;45;DUMMY2890;x
2891;44;153;173;DUMMY2891;x
2892;86;156;46;DUMMY2892;x
2893;128;159;174;DUMMY2893;x
2894;170;162;47;DUMMY2894;x
2895;2;165;175;DUMMY2895;x
2896;44;168;48;DUMMY2896;x
2897;86;171;176;DUMMY2897;x
2898;128;174;49;DUMMY2898;x
2899;170;177;177;DUMMY2899;x
2900;2;180;50;DUMMY2900;x
2901;44;183;178;DUMMY2901;x
2902;86;186;51;DUMMY2902;x
2903;128;189;179;DUMMY2903;x
2904;170;192;52;DUMMY2904;x
2905;2;195;180;DUMMY2905;x
2906;44;198;53;DUMMY2906;x
2907;86;201;181;DUMMY2907;x
2908;128;204;54;DUMMY2908;x
2909;170;207;182;DUMMY2909;x
2910;2;210;55;DUMMY2910;x
2911;44;0;183;DUMMY2911;x
2912;86;3;56;DUMMY2912;x
2913;128;6;184;DUMMY2913;x
2914;170;9;57;DUMMY2914;x
2915;2;12;185;DUMMY2915;x
2916;44;15;58;DUMMY2916;x
2917;86;18;186;DUMMY2917;x
2918;128;21;59;DUMMY2918;x
2919;170;24;187;DUMMY2919;x
2920;2;27;60;DUMMY2920;x
2921;44;30;188;DUMMY2921;x
2922;86;33;61;DUMMY2922;x
2923;128;36;189;DUMMY2923;x
2924;170;39;62;DUMMY2924;x
2925;2;42;190;DUMMY2925;x
2926;44;45;63;DUMMY2926;x
2927;86;48;191;DUMMY2927;x
2928;128;51;64;DUMMY2928;x
2929;170;54;192;DUMMY2929;x
2930;2;57;65;DUMMY2930;x
2931;44;60;193;DUMMY2931;x
2932;86;63;66;DUMMY2932;x
2933;128;66;194;DUMMY2933;x
2934;170;69;67;DUMMY2934;x
2935;2;72;195;DUMMY2935;x
2936;44;75;68;DUMMY2936;x
2937;86;78;196;DUMMY2937;x
2938;128;81;69;DUMMY2938;x
2939;170;84;197;DUMMY2939;x
2940;2;87;70;DUMMY2940;x
2941;44;90;198;DUMMY2941;x
2942;86;93;71;DUMMY2942;x
2943;128;96;199;DUMMY2943;x
2944;170;99;72;DUMMY2944;x
2945;2;102;200;DUMMY2945;x
2946;44;105;73;DUMMY2946;x
2947;86;108;201;DUMMY2947;x
2948;128;111;74;DUMMY2948;x
2949;170;114;202;DUMMY2949;x
2950;2;117;75;DUMMY2950;x
2951;44;120;203;DUMMY2951;x
2952;86;123;76;DUMMY2952;x
2953;128;126;204;DUMMY2953;x
2954;170;129;77;DUMMY2954;x
2955;2;132;205;DUMMY2955;x
2956;44;135;78;DUMMY2956;x
2957;86;138;206;DUMMY2957;x
2958;128;141;79;DUMMY2958;x
2959;170;144;207;DUMMY2959;x
2960;2;147;80;DUMMY2960;x
2961;44;150;208;DUMMY2961;x
2962;86;153;81;DUMMY2962;x
2963;128;156;209;DUMMY2963;x
2964;170;159;82;DUMMY2964;x
2965;2;162;210;DUMMY2965;x
2966;44;165;83;DUMMY2966;x
2967;86;168;211;DUMMY2967;x
2968;128;171;84;DUMMY2968;x
2969;170;174;212;DUMMY2969;x
2970;2;177;85;DUMMY2970;x
2971;44;180;213;DUMMY2971;x
2972;86;183;86;DUMMY2972;x
2973;128;186;214;DUMMY2973;x
2974;170;189;87;DUMMY2974;x
2975;2;192;215;DUMMY2975;x
2976;44;195;88;DUMMY2976;x
2977;86;198;216;DUMMY2977;x
2978;128;201;89;DUMMY2978;x
2979;170;204;217;DUMMY2979;x
2980;2;207;90;DUMMY2980;x
2981;44;210;218;DUMMY2981;x
2982;86;0;91;DUMMY2982;x
2983;128;3;219;DUMMY2983;x
2984;170;6;92;DUMMY2984;x
2985;2;9;220;DUMMY2985;x
2986;44;12;93;DUMMY2986;x
2987;86;15;221;DUMMY2987;x
2988;128;18;94;DUMMY2988;x
2989;170;21;222;DUMMY2989;x
2990;2;24;95;DUMMY2990;x
2991;44;27;223;DUMMY2991;x
2992;86;30;96;DUMMY2992;x
2993;128;33;224;DUMMY2993;x
2994;170;36;97;DUMMY2994;x
2995;2;39;225;DUMMY2995;x
2996;44;42;98;DUMMY2996;x
2997;86;45;226;DUMMY2997;x
2998;128;48;99;DUMMY2998;x
2999;170;51;227;DUMMY2999;x
3000;190;152;128;Caborca;x
3001;206;134;100;Plutarco;x
3002;179;124;100;Hermosillo;x
3003;146;124;121;Nogales;x
3004;140;97;85;Guaymas;x
3005;146;128;106;Culiacan;x
3006;124;109;94;Mazatlan;x
3007;170;155;152;Los Mochis;x
3008;197;182;185;Chihuahua;x
3009;200;109;128;Ahumada;x
3010;209;137;128;Parral;x
3011;137;118;128;Guerrero;x
3012;155;112;109;Santa Elena;x
3013;179;112;112;Ascension;x
3014;149;103;128;Guachochi;x
3015;197;152;185;Tutuaca;x
3016;152;85;52;Durango;x
3017;106;58;52;Fernandez;x
3018;158;91;85;Altamirano;x
3019;188;109;87;Cuatrocienegas;x
3020;170;131;73;Maderas del Carmen;x
3021;188;152;87;Piedras Negras;x
3022;234;216;143;Muzquiz;x
3023;234;185;118;Monclova;x
3024;234;158;77;Saltillo;x
3025;194;143;82;Torreon;x
3026;164;140;77;Monterrey;x
3027;176;155;88;Cumbres de Monterrey;x
3028;194;94;36;Montemorelos;x
3029;158;152;64;Victoria;x
3030;146;115;91;Soto la Marina;x
3031;121;15;9;Sombrerete;x
3032;200;91;82;Mazapil;x
3033;149;30;0;Valparaiso;x
3034;216;64;15;Mixton;x
3035;158;43;49;Fresnillo;x
3036;118;15;67;Zacatecas;x
3037;194;12;21;Matehuala;x
3038;173;85;6;San Luis Potosi;x
3039;134;79;36;Ciudad Valles;x
3040;61;91;140;Guadalajara;x
3041;91;158;188;Zapotlan el Grande;x
3042;158;206;255;Ameca;x
3043;118;158;188;Sierra de Amula;x
3044;27;124;164;Puerto Vallarta;x
3045;109;209;255;Costalegre;x
3046;134;121;152;Tepic;x
3047;179;167;200;Acaponeta;x
3048;67;158;188;Islas Marias;x
3049;55;121;191;Colima;x
3050;85;152;203;Manzanillo;x
3051;85;225;176;Zamora;x
3052;43;158;134;Morelia;x
3053;106;131;76;Uruapan;x
3054;158;206;49;Patzcuaro;x
3055;158;158;49;Coalcoman;x
3056;146;185;179;Lazaro Cardenas;x
3057;91;76;152;Petatlan;x
3058;176;216;146;Tepalcatepec;x
3059;158;185;100;Oriente;x
3060;121;149;82;Huetamo;x
3061;94;167;143;Coyuca de Catalan;x
3062;85;79;109;Iguala;x
3063;134;106;94;Sierra Gorda;x
3064;109;134;161;Pachuca;x
3065;209;155;143;Temascalcingo;x
3066;185;191;209;Teoloyucan;x
3067;173;179;179;Mexico;x
3068;158;131;115;Toluca;x
3069;103;118;137;Morelos;x
3070;158;167;191;Tlaxcala;x
3071;100;88;118;Puebla;x
3072;152;115;161;Tehuacan;x
3073;106;124;149;Totonacapan;x
3074;88;100;134;Tampico;x
3075;161;179;179;Tuxpan;x
3076;64;85;97;Huayacocotla;x
3077;106;118;124;Tononaca;x
3078;176;182;194;Xalapa;x
3079;88;109;137;Heroica Veracruz;x
3080;149;140;149;Las Montanas;x
3081;134;131;164;Coatzacoalcos;x
3082;64;88;134;Olmeca;x
3083;134;158;176;Papaloapam;x
3084;176;179;131;Aguascalientes;x
3085;149;112;103;Atenas;x
3086;200;155;115;Tepatitlan;x
3087;188;182;170;Leon;x
3088;146;140;124;Guanajuato;x
3089;67;73;61;Irapuato;x
3090;106;91;91;Celaya;x
3091;185;164;161;Santiago de Queretaro;x
3092;167;143;94;Jalpan de Serra;x
3093;97;115;176;Oaxaca;x
3094;124;161;185;Tlacolula;x
3095;49;85;149;Sierra Sur;x
3096;128;91;167;Nochixtlan;x
3097;158;158;197;Tlaxiaco;x
3098;118;134;158;Tehuantepec;x
3099;115;134;200;Juchitan;x
3100;128;106;206;Chimalapas;x
3101;167;73;158;Chilpancingo;x
3102;158;106;179;Tlapa;x
3103;176;176;200;Acatlan;x
3104;158;146;219;Huajuapan;x
3105;134;121;176;Acapulco;x
3106;118;88;197;Ometepec;x
3107;64;115;149;Jamiltepec;x
3108;82;100;185;Pochutla;x
3109;82;109;152;Chacchoben;x
3110;73;155;197;Sian-Ka'an;x
3111;61;131;167;Cozumel;x
3112;82;103;131;Cancun;x
3113;82;124;185;Chichen Itza;x
3114;61;112;197;Celestun;x
3115;82;140;185;Mayapan;x
3116;49;134;170;Merida;x
3117;73;85;128;Campeche;x
3118;97;170;206;Calakmul;x
3119;39;97;161;Carmen;x
3120;79;118;185;Centla;x
3121;76;91;161;Cardenas;x
3122;128;134;209;Villahermosa;x
3123;61;112;161;Chuntuki;x
3124;82;137;185;Tikal;x
3125;131;134;200;Nojpeten;x
3126;97;176;167;Poptun;x
3127;64;140;161;Sayaxche;x
3128;49;103;149;Lacandon;x
3129;49;149;185;Tenosique;x
3130;55;194;128;Yalbac;x
3131;52;164;173;Chetumal;x
3132;112;164;176;Dzuluinicob;x
3133;76;134;124;Manche;x
3134;128;137;225;Comitan;x
3135;91;158;206;Montes Azules;x
3136;88;121;179;Nezahualcoyatl;x
3137;97;161;167;Tuxtla Gutierrez;x
3138;61;73;121;San Cristobal de las Casas;x
3139;91;131;200;Pueblo Neuvo;x
3140;79;109;179;La Fraylesca;x
3141;64;100;206;Quiche;x
3142;0;124;188;Verapazes;x
3143;24;164;173;Atitlan;x
3144;55;100;115;Quetzaltenango;x
3145;61;155;200;Chiquimula;x
3146;88;191;228;Pacifico;x
3147;55;79;167;Guatemala;x
3148;128;194;225;San Salvador;x
3149;91;140;255;San Miguel;x
3150;64;149;137;Chalatenango;x
3151;109;155;176;Matagalpa;x
3152;36;82;158;Esteli;x
3153;39;194;209;Choluteca;x
3154;33;55;88;Chinandega;x
3155;91;146;85;Izabal;x
3156;140;188;140;San Pedro Sula;x
3157;79;152;46;La Ceiba;x
3158;118;182;164;Yoro;x
3159;79;149;170;Colon;x
3160;49;118;100;Islas de la Bahia;x
3161;76;158;161;Tegucigalpa;x
3162;58;182;255;Comayagua;x
3163;70;137;173;El Paraiso;x
3164;33;155;73;Olancho;x
3165;39;167;146;Caratasca;x
3166;73;194;109;Coco;x
3167;39;100;161;El Desaguadero;x
3168;6;112;128;Karata;x
3169;70;100;173;Bluefields;x
3170;30;61;121;Chontales;x
3171;33;79;94;Jinotega;x
3172;158;39;88;San Andres;x
3173;203;209;18;Cayman;x
3174;100;182;203;Dzilam;x
3175;82;167;209;Andros;x
3176;231;185;134;Isla Margarita;x
3177;112;124;70;Tobago;x
3178;149;67;100;Trinidad;x
3179;52;173;209;Curacao;x
3180;161;115;152;Bonaire;x
3181;30;225;33;Aruba;x
3182;61;167;182;Managua;x
3183;149;91;140;Rivas;x
3184;43;179;97;Guanacaste;x
3185;103;76;43;Limon;x
3186;225;176;128;Cartago;x
3187;140;170;70;Golfito;x
3188;164;46;46;Darien;x
3189;67;85;106;Panama;x
3190;103;143;94;Chiriqui;x
3191;152;61;128;Guna Yala;x
3192;67;158;55;Bocas del Toro;x
3193;30;85;155;Veraguas;x
3194;197;143;155;Quibdo;x
3195;94;64;200;Cali;x
3196;179;134;216;Buenaventura;x
3197;152;43;121;Bogota;x
3198;112;73;118;Tunja;x
3199;185;152;134;Sogamoso;x
3200;188;97;58;Bucaramanga;x
3201;121;64;58;Tachira;x
3202;109;67;49;Barrancabermeja;x
3203;179;173;128;Aburra;x
3204;246;149;55;Aguachica;x
3205;219;155;27;La Dorada;x
3206;200;70;85;Valledupar;x
3207;206;146;170;Machiques;x
3208;149;97;143;Catatumbo;x
3209;94;134;79;Maracaibo;x
3210;216;85;33;Uribia;x
3211;185;140;67;Riohacha;x
3212;167;197;176;Atlantico;x
3213;106;155;194;Santa Marta;x
3214;158;94;58;Magdalena Sur;x
3215;231;176;146;Cartagena;x
3216;200;91;55;Sucre;x
3217;146;152;9;Momposina;x
3218;85;73;149;Monteria;x
3219;170;203;85;Uraba;x
3220;216;58;94;Yolombo;x
3221;79;131;222;Bajo Cauca;x
3222;118;146;152;Sabanalarga;x
3223;43;97;124;Ibague;x
3224;131;179;219;Quindio;x
3225;55;118;243;Risaralda;x
3226;131;70;222;Paraguana;x
3227;206;140;61;Coro;x
3228;134;82;21;Trujillo;x
3229;52;213;216;Dabajuro;x
3230;209;112;191;Cabimas;x
3231;27;94;143;Baralt;x
3232;225;194;203;Yaracuy;x
3233;131;79;61;Barquisimeto;x
3234;85;94;216;Tocuyo;x
3235;137;52;55;Carabobo;x
3236;94;73;112;Aragua;x
3237;200;100;15;Caracas;x
3238;137;39;55;Barcelona;x
3239;185;182;103;Carupano;x
3240;140;91;152;Cumana;x
3241;79;112;73;Maturin;x
3242;58;164;103;Tucupita;x
3243;88;225;170;Antonio Diaz;x
3244;121;97;134;Ciudad Guayana;x
3245;182;143;152;Ciudad Bolivar;x
3246;182;46;91;Cedeno;x
3247;206;100;137;Maripa;x
3248;88;161;149;Sifontes;x
3249;112;103;73;Roscio;x
3250;112;206;109;Piar;x
3251;206;97;49;Raul Leoni;x
3252;194;149;115;Libertador;x
3253;82;55;85;El Tigre;x
3254;131;121;52;Leonardo Infante;x
3255;167;73;21;Las Mercedes;x
3256;143;185;149;Pedro Zaraza;x
3257;158;118;167;Calabozo;x
3258;71;55;55;Cojedes;x
3259;49;79;94;Guanare;x
3260;103;134;158;Arismendi;x
3261;188;200;197;Barinas;x
3262;52;46;97;Apure;x
3263;191;143;158;Arauca;x
3264;118;76;61;Vichada;x
3265;200;124;27;Meta;x
3266;103;85;143;Huila;x
3267;124;149;94;Barima;x
3268;182;118;170;Mazaruni;x
3269;103;124;188;Pomeroon;x
3270;188;167;222;Georgetown;x
3271;194;82;182;New Amsterdam;x
3272;91;55;134;Essequibo;x
3273;118;155;179;Paramaribo;x
3274;55;85;143;Saramacca;x
3275;173;91;121;Sipaliwini;x
3276;97;49;64;Marowijne;x
3277;164;94;64;Brokopondo;x
3278;43;88;64;Saint-Laurent-du-Maroni;x
3279;58;173;118;Inini;x
3280;15;128;52;Cayenne;x
3281;164;128;76;Alajuela;x
3282;200;91;158;Sierra Merida;x
3283;94;64;128;Cucuta;x
3284;197;182;143;Casanare;x
3285;152;134;79;Atrato;x
3286;103;21;64;Zipaquira;x
3287;143;176;191;Azuero;x
3288;76;124;231;Cocle;x
3289;97;24;21;Velez;x
3290;70;167;182;Manizales;x
3291;128;140;185;Juan German Roscio;x
3292;18;137;131;Las Puertas;x
3293;137;216;182;Las Perlas;x
3294;149;70;194;Coiba;x
3295;3;87;175;DUMMY3295;x
3296;45;90;48;DUMMY3296;x
3297;87;93;176;DUMMY3297;x
3298;129;96;49;DUMMY3298;x
3299;171;99;177;DUMMY3299;x
3300;3;102;50;DUMMY3300;x
3301;45;105;178;DUMMY3301;x
3302;87;108;51;DUMMY3302;x
3303;129;111;179;DUMMY3303;x
3304;171;114;52;DUMMY3304;x
3305;3;117;180;DUMMY3305;x
3306;45;120;53;DUMMY3306;x
3307;87;123;181;DUMMY3307;x
3308;129;126;54;DUMMY3308;x
3309;171;129;182;DUMMY3309;x
3310;3;132;55;DUMMY3310;x
3311;45;135;183;DUMMY3311;x
3312;87;138;56;DUMMY3312;x
3313;129;141;184;DUMMY3313;x
3314;171;144;57;DUMMY3314;x
3315;3;147;185;DUMMY3315;x
3316;45;150;58;DUMMY3316;x
3317;87;153;186;DUMMY3317;x
3318;129;156;59;DUMMY3318;x
3319;171;159;187;DUMMY3319;x
3320;3;162;60;DUMMY3320;x
3321;45;165;188;DUMMY3321;x
3322;87;168;61;DUMMY3322;x
3323;129;171;189;DUMMY3323;x
3324;171;174;62;DUMMY3324;x
3325;3;177;190;DUMMY3325;x
3326;45;180;63;DUMMY3326;x
3327;87;183;191;DUMMY3327;x
3328;129;186;64;DUMMY3328;x
3329;171;189;192;DUMMY3329;x
3330;3;192;65;DUMMY3330;x
3331;45;195;193;DUMMY3331;x
3332;87;198;66;DUMMY3332;x
3333;129;201;194;DUMMY3333;x
3334;171;204;67;DUMMY3334;x
3335;3;207;195;DUMMY3335;x
3336;45;210;68;DUMMY3336;x
3337;87;0;196;DUMMY3337;x
3338;129;3;69;DUMMY3338;x
3339;171;6;197;DUMMY3339;x
3340;3;9;70;DUMMY3340;x
3341;45;12;198;DUMMY3341;x
3342;87;15;71;DUMMY3342;x
3343;129;18;199;DUMMY3343;x
3344;171;21;72;DUMMY3344;x
3345;3;24;200;DUMMY3345;x
3346;45;27;73;DUMMY3346;x
3347;87;30;201;DUMMY3347;x
3348;129;33;74;DUMMY3348;x
3349;171;36;202;DUMMY3349;x
3350;3;39;75;DUMMY3350;x
3351;45;42;203;DUMMY3351;x
3352;87;45;76;DUMMY3352;x
3353;129;48;204;DUMMY3353;x
3354;171;51;77;DUMMY3354;x
3355;3;54;205;DUMMY3355;x
3356;45;57;78;DUMMY3356;x
3357;87;60;206;DUMMY3357;x
3358;129;63;79;DUMMY3358;x
3359;171;66;207;DUMMY3359;x
3360;3;69;80;DUMMY3360;x
3361;45;72;208;DUMMY3361;x
3362;87;75;81;DUMMY3362;x
3363;129;78;209;DUMMY3363;x
3364;171;81;82;DUMMY3364;x
3365;3;84;210;DUMMY3365;x
3366;45;87;83;DUMMY3366;x
3367;87;90;211;DUMMY3367;x
3368;129;93;84;DUMMY3368;x
3369;171;96;212;DUMMY3369;x
3370;3;99;85;DUMMY3370;x
3371;45;102;213;DUMMY3371;x
3372;87;105;86;DUMMY3372;x
3373;129;108;214;DUMMY3373;x
3374;171;111;87;DUMMY3374;x
3375;3;114;215;DUMMY3375;x
3376;45;117;88;DUMMY3376;x
3377;87;120;216;DUMMY3377;x
3378;129;123;89;DUMMY3378;x
3379;171;126;217;DUMMY3379;x
3380;3;129;90;DUMMY3380;x
3381;45;132;218;DUMMY3381;x
3382;87;135;91;DUMMY3382;x
3383;129;138;219;DUMMY3383;x
3384;171;141;92;DUMMY3384;x
3385;3;144;220;DUMMY3385;x
3386;45;147;93;DUMMY3386;x
3387;87;150;221;DUMMY3387;x
3388;129;153;94;DUMMY3388;x
3389;171;156;222;DUMMY3389;x
3390;3;159;95;DUMMY3390;x
3391;45;162;223;DUMMY3391;x
3392;87;165;96;DUMMY3392;x
3393;129;168;224;DUMMY3393;x
3394;171;171;97;DUMMY3394;x
3395;3;174;225;DUMMY3395;x
3396;45;177;98;DUMMY3396;x
3397;87;180;226;DUMMY3397;x
3398;129;183;99;DUMMY3398;x
3399;171;186;227;DUMMY3399;x
